Name,Trace IDs
Aam Ka Panna,3318
Aam Sandesh,5781
Aamras,8199
Aappam,7010
Achari Chana Pulao,10308
Adai Dosai,7013
Adai Uttapam,4241
Affogato,9037
Afgani Chicken,6745 - 6743
Afghani Chicken Biryani,6283
Afghani Murgh Tikka,10174
Aglio Oglio Pasta,7762
Ajmer Cake,7560
Akki Roti,7087
Al Faham Chicken,6539
Alasande Vada,7089
Alfredo Pasta,7121
Allepy Chicken Curry,4643
Almond,4313
Aloo Bhaji,8887
Aloo Bhature,6906
Aloo Bhindi,6062
Aloo Biryani,6015
Aloo Bonda,4217
Aloo Bun,7090
Aloo Chaat,6235 - 7541
Aloo Chilli,10229
Aloo Chop,10230
Aloo Dum,5867 - 6014
Aloo Gobi,6064
Aloo Gobi Paratha,10412
Aloo Jeera,6065
Aloo Manchurian,10231
Aloo Masala,5937 - 860
Aloo Masala Cheese Sandwich,5327
Aloo Masala Sandwich,5328
Aloo Mattar,9041
Aloo Methi Paratha,10307
Aloo Mutter Curry,5329
Aloo Mutter Kulcha,7092
Aloo Mutter Masala,6066
Aloo Palak,6068
Aloo Paratha,4570 - 6604
Aloo Patty Salad,3535
Aloo Puri,7538
Aloo Pyaz Paratha,6752
Aloo Sabzi,7091
Aloo Samosa,4322
Aloo Sandwich,4761
Aloo Tamatar,9042
Aloo Tikki Chaat,4418
Aloo Tikki Ragda Chaat,3561
Aloo Tikki Sandwich,7094
Ambuli Juice,8063
Ambur Chicken Biryani,4451
Ambur Egg Biryani,7095
Ambur Mutton Biryani,5331
Ambur Veg Biryani,4450
American Chocomax,5965
Americano,4088
Amriti,5787
Amritsar Chicken,7096
Amritsari Fish Fry,9243
Anchovy Fish Fry,8753
Andhra Chilli Chicken,5332
Andhra Kara Dosa,6553 - 4745
Andhra Special Chicken Biryani,7549
Andhra Special Veg Biryani,7550
Andhra Veg Biryani,5722
Anjeer Milk Shake,3275
Anjeer Peda,10232
Appalam,6391
Appam,6959 - 6368 - 7099 - 7100 - 7101 - 4615 - 4444 - 4614 - 8035 - 4613
Appe,9918 - 9927
Appe Lollypop,9916 - 9923
Appe Pizza,9921 - 9930
Appe Platter,9931
Apple,6751
Apple Cinnamon Tart,10234
Apple Fruit Shake,3261
Apple Juice,3302
Apple Milk Shake,8872
Apple Muffin,10236
Apple Pie,3727
Arabian Roll,6302
Arabic Kabooli Rice,6539
Arabic Kabuli,6284
Arisi Paruppu Sadam,6343
Assorted Bajji,4354
Assorted Veg Paneer Sandwich,7006
Atho Chicken,7065
Atho Egg,7064
Atho Egg Chicken,7066
Avakaya Chicken Biryani,5727
Avakaya Mutton Biryani,5732
Avalaki Bhath,7105
Avalakki Bath,7436
Avial,6630
Avocado Milkshake,7104
Awadhi Chicken Biryani,5090
Awadhi Veg Biryani,7106
Azadi Non Veg,9332
BBQ Chicken,5888
BBQ Chicken Burger,6544
BBQ Chicken Salad,3559
BBQ Paneer,5887
Baby Corn,8557
Baby Corn 65 Biryani,5911
Baby Corn Chilli,6053
Baby Corn Fried Rice,6579
Baby Corn Manchurian,7107
Baby Corn Masala Dosa,6628
Baby Corn Mushroom Masala Dosa,7475
Baby Corn Pakoda,10237
Baby Corn Paneer Biryani,10419
Baby Corn Pepper Masala,7108
Baby Corn Salad,5104
Baby Corn Tikka,10238
Babycorn Cheese Sandwich,5333
Babycorn Dosa,4735
Babycorn Manchurian,6444
Babycorn Mushroom Biryani,5008
Badam Milk,3238
Badam Peda,10239
Badam Pheni,7552
Badam Shake,3276
Badam Tea,8874
Baigan Bharta,8203
Baigan Bharwa,8204
Baked Cheese Cake,10002
Baked Chicken Au Gratin,3697
Baked Chicken Eggplant Moussaka,3682
Baked Eggplant Moussaka,3681
Balushahi,10401
Banana,3530 - 6748
Banana Bajji,6915 - 6591
Banana Bonda,8763
Banana Cake Slice,3408
Banana Caramel Cake,3411
Banana Cashew Cake,3412
Banana Chocolate Cake,3413
Banana Chocolate Cake Shake,7110
Banana Fry,4201
Banana Honey Milk Shake,2611
Banana Lassi,4393
Banana Milkshake,3252
Banana Pancakes,3414
Banana Rasayana,10241
Banga Chicken,7073
Banga Egg,7072
Barfi,5336
Barracuda Fish Fry,8755
Basbousa,6036
Basil Pesto Pasta,7120
Basmati Rice,741
Basundi,10405
Batani Curry,7340
Bbq Chicken,7111
Bbq Fries,5859
Bbq Paneer,7112
Bbq Pizza,6790
Bedmi Poori,5868
Beef Biryani,7519
Beef Curry,6291 - 6534 - 6535 - 6285
Beef Fry,7621
Beef Roll,7628
Beetroot,10249 - 6751
Beetroot Aloo Paratha,7113
Beetroot Dosa,7114
Beetroot Juice,3292
Beetroot Lassi,10243
Bejo Soup,7076
Belgian Doughnut,4874
Belgium Chocolate Truffle,9357
Belgium Pastry,3729
Bell Pepper Pizza,7763
Berliner,10217
Berry Cake,9993
Besan Barfi,3391
Besan Chilla,9038
Besan Laddu,3361
Besan Ladoo,9955
Bhagara Rice,3193
Bhaji Pav,5337
Bhalla Papri Chat,6981
Bhatura,5945 - 6727
Bhature,3353
Bhel,3573
Bhel Puri,3574
Bhindi,8206
Bircher Muesli,10244
Birdy's Chicken Jungli Sandwich,8834
Biriyani Zone Special Chicken Curry,5893
Biryani,4433
Biscoff Cheese Pastry,10203
Bisi Bele Bath,4425 - 3231
Black Chana Chaat,3584
Black Channa,7116
Black Channa Sundal,7117
Black Channa Vada,7118
Black Coffee,3443
Black Currant Kulfi,6850
Black Currant Lassi,6946
Black Currant Milkshake,3270
Black Forest Cake,4082
Black Forest Pastry,3394
Black Mojito,4903
Black Olive Salad,5005
Black Tea,3445
Blackcurrant Lassi,6839
Blackcurrant Milkshake,10245
Blackcurrant Mojito,6827
Blackcurrant Smoothie,6821
Blueberry Cheese Cake,9088
Blueberry Doughnut,5338
Blueberry Ice Tea,6885
Blueberry Milkshake,10246
Blueberry Mojito,6826
Blueberry Pastry,4167
Blueberry Smoothie,6820
Blueberry Waffle,7054
Boiled Banana,9352
Boiled Cassava,6308
Boiled Egg,3429 - 777 - 6357 - 8963 - 6354 - 4756
Boiled Peanut,4355
Boiled Peanut Sundal,6312
Boli,6299
Bombay Chicken Biryani,6236
Bombay Mixture,7283
Bombay Samosa,4231
Bombay Veg Biryani,6237
Bonda,3716
Bonda Chaat,3588
Bonda Soup,3513
Boodni Ladoo,9954
Boondi Phirni,4914
Borishali Chicken Thali,7497
Boti Masala,7285
Bottle Gourd Bajji,10247
Bottle Gourd Kheer,7250
Bread,5874 - 5944 - 5352 - 5947 - 5442 - 5445 - 5454 - 5490 - 3432 - 3433
Bread Bajji,828 - 6585
Bread Better Jam,5339
Bread Better Jam Toast,5341
Bread Butter,5340
Bread Butter Toast,5342
Bread Channa,7542
Bread Chat,7288
Bread Fry,4213
Bread Jam,5343
Bread Masala Dosa,7471
Bread Omelette,6730
Bread Pakoda,3625
Bread Pakora,993
Bread Pudding,10404
Bread Roll,3441
Bread Upma,7286
Brinjal Bajji,6588
Brioche,10221
Broccoli Soup,7290
Broken Wheat Poha,7291
Brown Garlic Tomato Rice,3209
Brown Onion Pulao,3215
Brownie,3407
Brownie Fantasy,5963
Brownie Shake,3281
Brownie Sundae,6865
Bubble Gum Mojito,7548
Bubble Tea,7292
Bubblegum Velvet Waffles,5996
Bulls Eye,4617
Bun Butter Gulkand,6883
Bun Butter Jam,5851
Bun Masala,7293
Bun Maska,4430
Bun Omelette,8215
Burger,6900
Buritto Veg,4586
Burnt Garlic Fried Rice,4573
Burnt Garlic Rice,6484
Butter,3191
Butter Appe,9931
Butter Chicken,6536
Butter Chicken Biryani,6776 - 6775
Butter Chicken Masala,4649 - 6718
Butter Croissant,3703
Butter Dosa,6165
Butter Kulcha,5891
Butter Masala Dosa,6180
Butter Milk,10526
Butter Naan,5345 - 6601 - 6716 - 6718
Butter Non,6510
Butter Paneer,6085
Butter Paneer Appe,9920 - 9929
Butter Plain Dosa,6181
Butter Roast Dosa,4737
Butter Roti,5890 - 6603
Butter Scotch Chocolate Waffle,7052
Butter Scotch Milkshake,3255
Butter Scotch Pastry,3396
Butter Tandoori Paratha,6507
Butter Tandoori Roti,5346
Buttermilk,3314
Butterscotch Ice Cream,6861
Butterscotch Lassi,6841
Butterscotch Muffin,5347
Butterscotch Smoothie,8875
Butterscotch Waffles,5991
Cabbage,3628 - 7294
Cabbage Bhajji,3630
Cafe Frappe,6993
Cake,4880
Cake Crumble Pie,3420
Cake Fudge,58
Calicut Chicken Curry,4646
Calicut Chicken Roast,6072
Candy Chicken,6305
Cane Juice,8881
Cannelloni,7230
Capsicum Bajji,7296
Capsicum Bhaji,6983
Capsicum Cheese Sandwich,5348
Capsicum Masala Dosa,6556
Capsicum Pulao,7297
Capsicum Rice,3202
Capsicum Rice Bath,7491
Caramel Brownie,5349
Caramel Sauce,9406
Carrot,7300 - 3292 - 6751
Carrot Cake,3422
Carrot Cherry Cake,7301
Carrot Corn Pulao,7298
Carrot Dosa,5932
Carrot Halwa,7439
Carrot Idli,7299
Carrot Juice,3283
Carrot Paratha,7302
Carrot Rice,907 - 7303 - 6572
Carrot Soup,7304
Carrot Utthappam,6171
Cashew Paneer Curry,8565
Cauliflower Masala Dosa,7470
Cereals,3656
Chaat,3562
Chai,4566
Chakuli,9579
Cham-Cham,9959
Chana Aloo Tikki,3572
Chana Chaat,3585
Chana Masala,7537
Chanar Jelabi,5779
Chanar Kalia Thali,7496
Chandrakala,4420
Channa,4782 - 5945
Channa Masala,6604 - 809 - 6605 - 6606 - 6607
Channa Masala Dosa,6555
Chapathi,5925 - 6609 - 6608 - 4700 - 6503 - 8879 - 5939 - 5975
Chapati,4214 - 760 - 6504 - 6286 - 6290
Chappathi,716 - 717
Char Grilled Lemon Chicken,3695
Chatpata Aloo Paratha,10309
Chatti Pathiri,4228
Cheela,5350
Cheese,3188 - 1017
Cheese Aloo Tikki,7093
Cheese Bread Omelette,4380
Cheese Chicken Meatball,5903
Cheese Chicken Momos,6899
Cheese Corn Nuggets,4404
Cheese Croissant,3704
Cheese Dosa,6153
Cheese Maggi,5351
Cheese Masala Dosa,6154
Cheese Masala Omelette,6917
Cheese Omelette,4384 - 5352
Cheese Onion Dosa,6146
Cheese Onion Paratha,10413
Cheese Paradilla,4584
Cheese Paratha,5353
Cheese Pasta,6951
Cheese Sandwich,5396
Cheese Sauce,3678 - 3674
Cheesy Fries,5860
Cheesy Paneer Tikka Wrap,5902
Chena Angoor,3362
Chena Payesh,3382
Chena Roll,3383
Chenna Masala,5938
Chennai Style Biryani,6777
Chettinad Chicken Dry,5354
Chettinad Chilly Chicken,6769
Chettinad Pepper Chicken Meals,6702
Chettinadu Masala Dosa,737
Chia Oats Pudding,10262
Chicken,4577 - 6521 - 6978 - 6770 - 4584 - 5379 - 5402 - 922 - 4438 - 9782 - 930 - 9776 - 5498 - 5503 - 6319 - 5531 - 9780 - 6489 - 5588 - 9781 - 9774 - 928 - 4579
Chicken 555,8543
Chicken 555 Biryani,8528
Chicken 65,4639 - 814 - 6424 - 6636 - 7524 - 6638 - 6637
Chicken 65 Biryani,4708
Chicken 65 Kebab,5355
Chicken Bhajji,3635
Chicken Bharta,6383
Chicken Biriyani,691 - 758 - 10417
Chicken Biryani,3233 - 5094 - 4632 - 4633 - 6354 - 6355 - 6095 - 742 - 6636
Chicken Bonda,8074
Chicken Bun,6999
Chicken Burger,3598 - 4399 - 5885
Chicken Burnt Garlic Fried Rice,5309
Chicken Calzone,9960
Chicken Chaap,6385
Chicken Chap,6082
Chicken Cheese Balls,6739
Chicken Chettinad,5356 - 808 - 4415
Chicken Chettinad Biryani,6300
Chicken Chilli Dog,4589
Chicken Chilli Garlic Noodles,5357
Chicken Chilly,9823
Chicken Chopsuey,6912
Chicken Club Sandwich,6747
Chicken Coconut Fry,4626
Chicken Crispy,9827
Chicken Croissant,3708
Chicken Curry,7099 - 6503 - 5360 - 6394 - 6374 - 6373 - 7338 - 6059 - 6061 - 6705 - 6728 - 8051 - 6538 - 8044 - 8046 - 8045 - 8047 - 8039 - 8041 - 6715 - 6647 - 8040 - 8042 - 8034 - 6714 - 8038 - 789 - 4678 - 6193
Chicken Cutlet,6541
Chicken Dinner,10536
Chicken Do Piyaza,6384
Chicken Do Pyaza,6070
Chicken Donne Biryani,7305
Chicken Dosa,6147
Chicken Drumsticks,6304
Chicken Drumsticks Biryani,8531
Chicken Dum Biryani,5361 - 10420
Chicken Frankie,9822
Chicken Fried Idli,8043 - 8048
Chicken Fried Kebab,3647
Chicken Fried Momo,5294
Chicken Fried Rice,6431 - 3497
Chicken Fry,4625
Chicken Fry Piece Biryani,5724 - 5737 - 10421
Chicken Garlic Finger,4143
Chicken Gravy,4697 - 4623 - 4696
Chicken Grill,7368 - 7367
Chicken Hakka Noodle,4560
Chicken Hakka Noodles,5362
Chicken Harabhara,9825
Chicken Hot Dog,3662
Chicken Hot Sour Soup,3522
Chicken In Bell Pepper Sauce,3687
Chicken In Chilli Basil Sauce,5363
Chicken In Chilli Oyster Sauce,5364
Chicken In Hot Garlic Sauce,5365
Chicken In Schezwan Sauce,5367
Chicken Kathi Roll,6301
Chicken Kebab Biryani,7284
Chicken Keema Dosa,7306
Chicken Keema Paratha,5946
Chicken Keema Pav,7307
Chicken Keema Puff,8820
Chicken Keema Samosa,6306
Chicken Kefte Tagine,3693
Chicken Kheema,7308
Chicken Kheema Pav,7014
Chicken Kofta Salad,3554
Chicken Kolapuri,7521
Chicken Kolhapuri,6071
Chicken Koliwada,9824
Chicken Korma,825 - 6074
Chicken Kosha,5766
Chicken Kothu Parotta,4471
Chicken Kotthu Parotta,6517
Chicken Kurma,6364
Chicken Kuska,7309
Chicken Kuska Biryani,7310
Chicken Lasagne,3702
Chicken Lemon Coriander Soup,3516
Chicken Liver Fry,6764
Chicken Lolipop,6641
Chicken Lollipop,6460
Chicken Lollipop Biryani,8525
Chicken Maggi,3357
Chicken Majestic,8544
Chicken Majestic Biryani,8529
Chicken Malai Tikka,7311
Chicken Manchow Fried Rice,5312
Chicken Manchow Soup,3521
Chicken Manchurian,4648 - 6456 - 6476 - 924
Chicken Manchurian Biryani,5010
Chicken Manchurian Dry,5372
Chicken Masala,6643
Chicken Masala Dosa,3721
Chicken Mirchi Bajji,8076
Chicken Momo,3503 - 5292 - 5291
Chicken Mughali Curry,8561
Chicken Mugulai,7522
Chicken Mulligatawny Soup,3515
Chicken Nanking Noodles,936
Chicken Navabi,7520
Chicken Noodles,3494
Chicken Nuggets,4399 - 4142
Chicken Omelette,4385
Chicken Oriental Salad,3555
Chicken Pakoda,8542 - 6361
Chicken Pakoda Biryani,8527
Chicken Palli Palayam,4647
Chicken Paniyaram,6737
Chicken Paratha,6756 - 4328
Chicken Paratha Roll,4478
Chicken Pasta,7210 - 3678 - 3679
Chicken Pasta With Pink Sauce,3680
Chicken Pasta With White Sauce,3677
Chicken Pathiri,4225
Chicken Patti Samosa,3631
Chicken Pepper Dry,5883
Chicken Pepper Fry,6642
Chicken Pepper Gravy,6362
Chicken Pepper Masala,7523
Chicken Piccata,3683
Chicken Pizza,6247
Chicken Podimas,8070
Chicken Popcorn,4141 - 6051
Chicken Puff,3711 - 951
Chicken Puffs,7525
Chicken Pulao,5373
Chicken Quesadilla,5771
Chicken Rezzala,6382
Chicken Rice Bowl,6658
Chicken Roast,6987
Chicken Roll,4235
Chicken Salad,3551
Chicken Salad Sandwich,4428
Chicken Salt And Pepper,6655
Chicken Samosa,3632 - 6742
Chicken Sandwich,3594 - 4477 - 4476
Chicken Satay,4576 - 4575
Chicken Schezwan Fried Rice,5310 - 6430
Chicken Schezwan Noodles,5311 - 937 - 6426
Chicken Seekh Kabab,7674
Chicken Shashlik,3691
Chicken Shawarma,5775
Chicken Shawarma Plate,7364
Chicken Singapore Noodles,5374
Chicken Starter,6405
Chicken Stew,4615 - 822 - 5943 - 6369
Chicken Strips,7314
Chicken Submarine,6783
Chicken Tandoori,6508
Chicken Tandoori Kebab,3639
Chicken Tangdi Biryani,5011
Chicken Tawa Kebab,3640
Chicken Teriyaki Salad,3556
Chicken Tikka,3714
Chicken Tikka Biryani,6134
Chicken Tikka Chaap,6386
Chicken Tikka Cheese Sandwich,4692
Chicken Tikka Croissant,8821
Chicken Tikka Grilled Roll,6975
Chicken Tikka Masala,8562
Chicken Tikka Mini Roll,8835
Chicken Tikka Pizza,4601
Chicken Tikka Salad,9032
Chicken Tikka Sandwich,4330
Chicken Tikka Semizza,5905
Chicken Vada,8077
Chicken Varattiyathu,4645
Chicken Wings,6772
Chicken Wrap,3666
Chicken Yakhni Biryani,7315
Chicken in Hunan Sauce,5366
Chikku Juice,3305
Chikoo Fruit Shake,3262
Chikoo Milk Shake,8882
Chili Chipotle Chicken,5900
Chilli,4198
Chilli Bhajji,3623
Chilli Cheese Maggi,5376
Chilli Cheese Sandwich,4762 - 9799
Chilli Cheese Toast,4196
Chilli Chicken,4624 - 812 - 933 - 6425
Chilli Chicken Biryani,8526
Chilli Chipotle Chicken,7316
Chilli Coriander Uthappam,6167
Chilli Corn Cheese Sandwich,4771
Chilli Garlic Egg Fried Rice,7233
Chilli Garlic Potato Bites,7214
Chilli Garlic Veg Fried Rice,7235
Chilli Gobi,4628
Chilli Idli,4324
Chilli Paneer,9010 - 8546
Chilli Paratha,5377
Chilli Prawns,8545
Chilly Babycorn,6475
Chilly Bajji,6586
Chilly Chicken,6457 - 6477
Chilly Egg,6463
Chilly Garlic Chicken Rice,6487
Chilly Garlic Noodles,6492 - 6494
Chilly Garlic Rice,6486
Chilly Idly,6626
Chilly Mushroom,6474
Chilly Paneer,6451
Chinese Non-Veg Chop Suey,7317
Chinese Non-Veg Meal,5379 - 5380 - 5381 - 5382
Chitrana Rice,7319
Choco Carnival Sundaes,4408
Choco Chip Brownie,7001
Choco Chip Fudgy Brownie,7002
Choco Flakes,6781
Choco Hazelnut Doughnut,4875
Choco Lava Cake,3416
Choco Truffle Cake,3399
Chocochip Brownie,5391
Chocochip Cake,3415
Chocoholic Waffles,5992
Chocolate,8765 - 9988
Chocolate Almond Doughnut,4861
Chocolate Ball,3405
Chocolate Bao,7759
Chocolate Barfi,9957
Chocolate Brownie,4331
Chocolate Bun Maska,5852
Chocolate Cake,5392 - 883
Chocolate Chip,9796
Chocolate Chips,9405
Chocolate Cream Cake,4079
Chocolate Croissant,3705
Chocolate Cupcake,3417
Chocolate Danish,10223
Chocolate Doughnut,8842 - 3404
Chocolate Dream Cake Doughnut,4869
Chocolate Frappe,6814
Chocolate Gateaux,5828
Chocolate Iced Glazed Doughnut,4867
Chocolate Iced Glazed Sprinkle Doughnut,4868
Chocolate Kit Kat Shake,9794
Chocolate Kulfi,6851
Chocolate Lassi,6840
Chocolate Milkshake,3256
Chocolate Momo,6893
Chocolate Mousse,4453
Chocolate Muffin,3725
Chocolate Pastry,3397 - 10200
Chocolate Pheni,7551
Chocolate Pudding,8764
Chocolate Sandwich,5861
Chocolate Sauce,9409 - 8189
Chocolate Shake,9798
Chocolate Smoothie,8873
Chocolate Soft clair,9997
Chocolate Softy,8188
Chocolate Thickshake,6855
Chocolate Walnut Brownie,5393
Chocolava,10202
Chole,6727 - 6733 - 3562 - 3353 - 3213
Chole Biryani,10398
Chole Masala,861 - 6060
Chole Paneer,10321
Chow Chow Bath,4620
Chum Chum,3363
Churro Doughnut,4870
Chutney,3655 - 5396 - 10319 - 6551 - 10318 - 6106
Cinnamon Doughnut,5397
Cinnamon Roll,9990
Classic Doner Kebab,6525
Classic Doner Kebab Chicken,6546
Classic Donuts,5846
Classic Falooda,6829
Classic Maggi,4194
Classic Margherita Pizza,5895
Classic South Meals,757
Clear Chicken Soup,6502
Clubbed Chicken Tower Burger,7465
Coconut,3194
Coconut Barfi,5398
Coconut Kulfi,6852
Coconut Milk,5936
Coconut Rice,3195 - 904
Coffee,3442
Coffee Ice Cream,7625
Coffee Mocha Fantasy Cake,3728
Cold Coffee,4323 - 4407
Cold Coffee Milkshake,3253
Cold Horlicks Milk,3245
Coleslaw Sandwich,5399
Colombian Chocolate Cheese Cake,9983
Cone Cake,5836
Continental Chicken Soup,3657
Continental Non-Veg Meal,5402 - 5403 - 5405
Continental Non-Veg Packed Meal,5408
Cooker Mandi,10904
Cookies,5661 - 6004
Coriander Dosa,7321
Coriander Rice,7322
Corn Bread Omelette,4379
Corn Chaat,3586
Corn Cheese Momo,4374
Corn Cheese Sandwich,4770
Corn Flakes Chaat,3589
Corn Idli,7323
Corn Maggi,4193
Corn Masala Dosa,6182
Corn Mushroom Rice,6483
Corn Pasta Cheese Salad,3539
Corn Peanut Salad,3537
Corn Peas Biryani,5009
Corn Peas Salad,3538
Corn Potato Burger,7467
Corn Pulao,3216
Corn Sandwich,4769
Corn Spinach Cheese Sandwich,5413
Corn Spinach Parcel,5958 - 5965
Corn Spinach Sandwich,5414
Corn Utthappam,6172
Corn and Pepper Tossed Salad,3548
Corn and Spinach Cheese Sandwich,4685
Corn and Spinach Sandwich,4684
Cottage Cheese and Pepper Steaks,3698
Crab Omelette,4387
Cranberry Smoothie,6822
Cream Bun,4779
Cream Cheese Bagel with Chia Seeds,10227
Cream Chicken,4908
Cream Paneer,4909
Cream Roll,6248
Cream Waffle,6004
Creamy Chicken Sandwich,4688
Creamy Oreo Sundae,4369
Crispy Chicken,6303
Crispy Chicken Corn Dog,4588
Crispy Chilli Babycorn,5299
Crispy Chilli Pepper Corn,5415
Crispy Chilli Potato,5298 - 931 - 5416
Crispy Chilly Potato,6446
Crispy Mushroom,7326
Crispy Schezwan Vegetables,5417
Crunchy Taco Bowl,10039
Crunchy Taco Supreme Non Veg,9973
Crunchy Taco Supreme Veg,9968
Crunchy Wheat Taco,9977
Crushers,4409
Cucumber Dosa,7327
Cupcakes,8197
Curd,6604 - 3189 - 6605 - 6606 - 6607
Curd Rice,6636 - 4360 - 903 - 6574 - 6638 - 4699 - 6637 - 4698 - 738
Curd Vada,5682
Curry Leaf Dosa,7328
Curry Leaf Rice,7329
Curry Leaves Rice,5978 - 6573
Custard,3393
Custard Apple Milkshake,3271
Cut Fruits,7330
Cutlet,4706 - 6594 - 4707
Cutlet Chaat,3590 - 3563
Cutlet Chana,6982
Dabeli,7331
Dahi,3587
Dahi Bhalle Chaat,3564
Dahi Bhel Chaat,3565
Dahi Bhel Puri,7539
Dahi Kachodi,7543
Dahi Kachori,3575
Dahi Papdi Chaat,3566
Dahi Puri,6311 - 6596 - 6411
Dahi Sev Puri,3576
Dahi Vada,4356
Dakshini Pulao,3219
Dal,3488 - 4676
Dal Fry,740 - 785
Dal Kachori,4431
Dal Khichdi,7721
Dal Makhani,3490
Dal Pappu,3489
Dal Paratha,7085
Dal Pulao,3217
Dal Tadka,4653
Dal Vada,833
Danish Pastry,9991
Dark Chocolate,5988
Dark Chocolate Waffle,4407
Dark White Waffle,7056
Date Banana Walnut Cake,9994
Dates Milkshake,3266
Dates Pie,7334
Dates Walnut Cake,7333
Desi Butter Chicken,6286
Dhaba Rice,3207
Dhai,6421
Dhal,6614
Dhal Tadukan,6612
Dhokla,3636
Dhokla Sandwich,3637
Dilkush,4240
Dindigul Chicken Biryani,5424
Dindigul Egg Biryani,7335
Diwali Special Non Veg Meals,9946
Domino's Achari Do Pyaza Pizza,10112 - 10090
Domino's Al Fungi Gourmet Pizza,10449
Domino's Blazing Chicken Paprika Pizza,10429
Domino's Blazing Onion and Paprika Pizza,10113
Domino's Champaran Mutton Pizza,10441
Domino's Champaran Veg Pizza,10148 - 10127 - 10106
Domino's Cheese Volcano BBQ Chicken Pizza,10425
Domino's Cheese Volcano Blazing Chicken Pizza,10424
Domino's Cheese Volcano Chicken Delight Pizza,10422
Domino's Cheese Volcano Double Chicken Pizza,10423
Domino's Cheese Volcano Farm House Pizza,10442
Domino's Cheese Volcano Peppy Paneer Pizza,10443
Domino's Cheese Volcano Veggie Paradise Pizza,10444
Domino's Cheese and Corn Pizza,10138 - 10117 - 10096
Domino's Chicken Dominator Pizza,10434
Domino's Chicken Fiesta Pizza,10431
Domino's Chicken Golden Delight Pizza,10432
Domino's Chicken Keema Paratha Pizza,10428
Domino's Chicken Pepperoni Gourmet Pizza,10447
Domino's Chicken Pepperoni Pizza,10436
Domino's Chicken Sausage Pizza,10426
Domino's Corn Cheese Volcano Pizza,10445
Domino's Corn and Cheese Paratha Pizza,10091
Domino's Double Cheese Margherita Pizza,10115 - 10094
Domino's Farmhouse Pizza,10140 - 10098
Domino's Fiery Jalapeno and Paprika Pizza,10114
Domino's Fiery Sausage Paprika Pizza,10430
Domino's Indi Chicken Tikka Pizza,10437
Domino's Indi Tandoori Paneer Pizza,10144 - 10123 - 10102
Domino's Kosha Mangsho Pizza,10439
Domino's Kosha Veg Pizza,10146 - 10125 - 10104
Domino's Malai Chingri Pizza,10440
Domino's Mexican Green Wave Pizza,10120
Domino's Non Veg Supreme Pizza,10435
Domino's Paneer Malai Pizza,10126
Domino's Paneer Spice Supreme Pizza,10152 - 10131 - 10110
Domino's Pepper Barbeque Chicken Pizza,10427
Domino's Peppy Paneer Pizza,10139
Domino's Primavera Gourmet Pizza,10448
Domino's Smoked Chicken Gourmet Pizza,10446
Domino's Spiced Double Chicken Pizza,10433
Domino's The 4 Cheese Gourmet Pizza,10450
Domino's The 4 Cheese Pizza,10124
Domino's The 5 Feast Chicken Pizza,10438
Domino's Veg Extravaganza Pizza,10143 - 10122 - 10101
Domino's Veggie Buddies Pizza,10149 - 10128 - 10107
Domino's Veggie Fiesta Pizza,10109
Domino's Veggie Paradise Pizza,10142 - 10121 - 10100
Donne Egg Biryani,7336
Donne Mushroom Biryani,5089
Donne Veg Biryani,7337
Donut,43 - 10218
Donuts,10201
Dosa,3653 - 7339 - 7340 - 7338 - 7341 - 4744
Double Chicken Treat Semizza,5879
Double Chocolate Doughnut,4862
Double Chocolate Waffle,7055
Double Egg,4755
Double Ka Meetha,7342
Doughnut,4309
Dragon Chicken,4650 - 934
Dragon Chicken Biryani,8530
Dragon Gobi,4629
Dragon Milkshake,3272
Dragon Paneer,5297
Dragon Potato,6445 - 932
Dragon Style,922 - 7374
Dry Fruit Bhel Puri,7540
Dry Fruit Kulfi,4999
Dry Fruit Lassi,6844
Dry Fruit Sundae,6868
Dry Fruits Pulao,3223
Dryfruit Milkshake,6854
Dudhi Halva,3364
Dugga Dugga,9820
Dulce De Leche,6038
Dum Aloo Curry,5426
Dum Biriyani,6137
Dum Biriyani - Chicken,6131
Egg,758 - 10417 - 5380 - 5403 - 5408 - 7343 - 6089 - 5445 - 9791 - 5454 - 9773 - 5499 - 5504 - 7068 - 5532 - 5537 - 9778 - 6080 - 5584 - 5589 - 9777 - 9771
Egg Appam,6369
Egg Bajji,6110
Egg Bhurji,5939 - 4352 - 6208 - 4192 - 5947
Egg Biryani,6521 - 6324 - 692 - 3234 - 6094 - 6638
Egg Bonda,6735 - 3634
Egg Burger,6877
Egg Cheese Sandwich,4681
Egg Chicken,7074
Egg Chilli,5427
Egg Chilli Cheese Sandwich,4775
Egg Chilli Garlic Noodles,5428
Egg Chop,10658
Egg Club Cheese Sandwich,4777
Egg Club Sandwich,4776
Egg Corn Sandwich,4774
Egg Croissant,3707
Egg Curry,760 - 6504 - 826 - 4351 - 6395 - 6377 - 6378 - 4694 - 4365 - 6717 - 6649 - 4363 - 4364 - 6192
Egg Dinner,10537
Egg Dosa,4608 - 730
Egg Fatheera,6548
Egg Fried Rice,6405 - 3496 - 6406
Egg Hakka Noodles,5430
Egg Hot Dog,3661
Egg Kothu Parotta,5980
Egg Kotthu Parotta,6514
Egg Kuska Biryani,7344
Egg Lollipop,8066
Egg Maggi,3358
Egg Masala,4444 - 818 - 4651 - 4652 - 6646 - 6188 - 6190
Egg Masala Dosa,3720 - 734
Egg Masala Sandwich,5431
Egg Mayo Sandwich,4773
Egg Mushroom Roll,9113
Egg Noodles,6405 - 3493 - 6406
Egg Oriental Salad,3550
Egg Pakora,6734
Egg Paneer,9114
Egg Paniyaram,6741
Egg Paratha,9828 - 9829
Egg Podi Dosa,4748
Egg Puff,3710 - 950
Egg Rice Bowl,6660
Egg Roast,4614
Egg Roll,6978 - 4764 - 6977
Egg Salad,3549
Egg Sandwich,3595 - 4475 - 4474
Egg Schezwan Fried Rice,5432
Egg Schezwan Noodles,5433
Egg Singapore Noodles,5434
Egg Soup,7077
Egg Thali,5862
Egg Wrap,3665
Egga Masala Cheese Sandwich,5435
Eggless Cardamom Pistachio Cake,9911
Eggless Cupcakes,8198
Ela Ada,4219
Elaichi Tea,6871
Elanchi,4206
Elayada,4469
Elayappam,6540
Ellu Kobbari Sadam,7345
Enna Pathiri,4245
Espresso,9142
Extra Cheese,6892
Extra Rice,7456
Extra Sweet,10400
Fajita Wrap,6027
Falafel,6998
Falafel Roll,6994
Falafel Vada,6997
Falooda,6846
Falooda Delight,6830
Fiery Hot Peri Peri Maggi,5856
Fig Milkshake,7564
Filter Coffee,5436
Fish,5381 - 5404 - 7374 - 5500 - 5533 - 5585 - 5590
Fish Biriyani,5881
Fish Biryani,4350
Fish Curry,8035 - 3437 - 786
Fish Dinner,10538
Fish Finger,4139
Fish Fried Kebab,3648
Fish Fry,6768 - 3435
Fish Fry Meals,6696
Fish Manchurian,7375
Fish Meals,6698
Fish Mulaku Curry,4642
Fish Omelette,4386
Fish Podimas,8073
Fish Polichathu,6955
Fish Poth Chori,6281
Fish Pulusu,5734
Fish Tandoori,3436
Fish Tandoori Kebab,3644
Fish Tawa Kebab,3641
Fish Thali,7124
Fish and Chips,9074
Flavoured Croissant,4905
Flavoured Lassi,8065
Flavoured Rice,5967 - 5966
Focaccia Bread,3731
Formaggio Pasta,4597
French Fries,5885 - 3668 - 6051 - 5884
French Toast,8212
French Vanilla Soft clair,9996
Fresh Lime Soda,6934
Fried Cheese Momo,6086
Fried Chicken Biriyani,6132
Fried Chicken Biryani,6107 - 6108
Fried Chicken Momo,5441
Fried Chicken Rice,6404
Fried Egg,6918 - 5442 - 3434
Fried Egg Pasta,6948
Fried Idli,8580
Fried Paneer Momo,5443
Fried Pav Bhaji,7536
Fried Rice,6400 - 925
Fried Veg Momo,5444
Fries,5858
Fruit Cake Slice,3409
Fruit Custard,3392
Fruit Custard Falooda,5092
Fruit Lassi,5930
Fruit Salad,7127 - 9777
Fruit Smoothie,6853
Fudgy Choconut,4346
Gajar Halwa,3365
Galangal Infused Thai Curry,10311
Garden Fresh Veggie Pizza,5904
Garden Veg,4346
Garlic Bread,8836 - 3671 - 10315
Garlic Butter Dosa,4738
Garlic Cheese Toast,4198
Garlic Chicken,824
Garlic Chicken Wing,6093
Garlic Fish Curry,819
Garlic Pinwheel,5964
Ghee Cookies,5660
Ghee Dosa,732 - 6163
Ghee Idli,6624
Ghee Jeera Pulao,740
Ghee Karam Dosa,6164 - 6177
Ghee Laddu,5783
Ghee Masala Dosa,5909
Ghee Onion Dosa,4741
Ghee Onion Podi Dosa,4743
Ghee Onion Roast Dosa,4609
Ghee Podi Dosa,4740
Ghee Rice,3214 - 6534 - 6059 - 6061 - 10313
Ghee Roast Dosa,4606
Ghee Set Dosa,6174
Ghee Vada,4211
Ghoogni,7049
Ghugni,4421
Ginger Coffee,7247
Ginger Elaichi Tea,6873
Ginger Rice,6485
Ginger Soup,7300
Ginger Tea,4138
Goan Fish Curry,9043
Gobhi Paratha,5446
Gobi 65,5097
Gobi 65 Biryani,6099 - 5912
Gobi Bhajji,3626
Gobi Chili,5882
Gobi Chilli Dry,5447
Gobi Corn Dosa,7130
Gobi Fried Rice,6580
Gobi Manchurian,4630 - 6423 - 4701
Gobi Masala,6618
Gobi Mushroom Masala Dosa,7474
Gobi Onion Paratha,7131
Gobi Paratha,7132 - 6605
Gobi Pepper Dry,7133
Gobi Pepper Masala Dosa,7473
Gobi Pulao,5449
Gobi Pyaz Paratha,6757
Gobindo Bhug Chaaler Payesh,5785
Gol Bhajji,3621
Golden Corn Pizza,7764
Gongura Chicken,5450
Gongura Chicken Biryani,5725
Gongura Mutton Biryani,5731
Gongura Veg Biryani,6125
Gothamb Pradhaman,9498
Grape Juice,10249
Greek Farm House Salad,9782 - 9791 - 9792
Greek Salad,9076
Green Grapes Milkshake,7134
Green Mirchi Chicken Biryani,5728
Green Mirchi Mutton Biryani,5733
Green Moong Dal,820
Green Moong Usli,4437
Green Moong Vada,3609
Green Moongdal Masala Dosa,7135
Green Peas Masala,6679
Green Peas Masala Dosa,4747
Green Peas Paratha,7136
Green Peas Poha,7137
Green Tea,3447
Greens Salad,8963
Grill Chicken Cheese Sandwich,5451
Grill Chicken Sandwich,5452
Grilled Chicken,6284 - 3700
Grilled Chicken Cheese Sandwich,4691
Grilled Chicken Salad,8964
Grilled Chicken Sandwich,4690
Grilled Fish Salad,9033
Ground Nut,6203
Guacamole,7139
Guava,3529
Guava Juice,4780
Guava Milk Shake,7140
Guava Mojito,7631
Gud Bud Sundae,6869
Gud Chai,4568
Gud Kesar Chai,4553
Gujiya,10240
Gulab Jamun,6202 - 3366
Gulkand Lassi,7141
Gun Chicken,6766
Gup Chup Chat,6979
Gurer Talas,10530
Habanero Burrito,9974 - 9969
Hakka Noodles,6495 - 6403 - 6398 - 930 - 929
Half Fry Egg,5453
Halwa,8200
Harayali Chicken Tikka,7142
Hare Mutter Paneer Ke Kofte,10308
Haryali Kebab,5455
Hash Brown Short Balls,6996
Hawaiian Salad,9776 - 9773 - 9787 - 9772
Hazelnut Milk Shake,3264
Hazelnut Soft clair,9995
Healthy Ragi Malt,3327
Heart Shape Pan Cake,9925
Heerekai Bajji,7143
Homemade Chocolates,5829
Honey,7262 - 3672
Honey Almond Cake,3403
Honey Almond Tart,7145
Honey Cake,3424
Honey Chilly Cauliflower,6453
Honey Lemon Chicken,5303
Hong Kong Chicken Fried Rice,8560
Horse Mackerel Fry Fish,8757
Hot And Sour Chicken Soup,6500
Hot And Sour Soup,6498
Hot Chocolate,3240
Hot Chocolate Sundae,6864
Hot Garlic Sauce,5627
Hot Horlicks,3241
Hot Sour Pepper Chicken Soup,5285
Hot Sour Pepper Veg Soup,5283
Hyderabadi Chicken Biryani,6136 - 5456
Hyderabadi Chicken Curry,8563
Hyderabadi Chicken Dum Biryani,5457
Hyderabadi Egg Biryani,7147
Hyderabadi Mutton Biryani,5458
Hyderabadi Mutton Dum Biryani,5459
Hyderabadi Paneer Biryani,5460
Hyderabadi Paneer Dum Biryani,5461
Hyderabadi Veg Biryani,5462
Hyderabadi Veg Dum Biryani,5463
INVALID RESPONSE LLM,1076
Ice Coffee,9799
Ice Cream,7001 - 7330 - 7127 - 8569 - 4404 - 4402 - 6952
Ice Cream Milkshake,8202
Ice Cream Waffle Cone,4396
Ice Popsicle,8209
Iced Tea,6254
Idiappam,6364
Idiyappam,6961 - 6705 - 4694 - 6759 - 4695 - 5936 - 1070
Idli,745 - 744 - 3651 - 1308 - 724 - 723 - 4456 - 4454 - 3330 - 7150 - 3332 - 10319 - 546 - 6561 - 6566 - 6567 - 6551
Idli Manchurian,7148
Idli Soup,7149
Idly,6728
Idyappam,6565
Ilish Begun Bori Jhol,6121 - 6117
Ilish Bhapa,6115 - 6119
Ilish Paturi,6122 - 6118
Imarti,9958
Indian Lentil Soup,7151
Indian Meal Bowl,4850
Indonesian Noodles,6399
Indori Poha,5464
Irachi Pathiri,4229
Irish Frappe,6813
Italian Pasta,6949
Jack Fruit Fry Biryani,5723
Jack Fruit Pulao,6196
Jackfruit Milkshake,7154
Jaggery Coffee,7155
Jaggery Tea,4732
Jal Jeera,3319
Jalapeno Pizza,5965 - 5961
Jalebi,4238 - 3384 - 3367
Jam Bun,4778
Jam Maska Bun,5465
Jam Roll,4239
Jangiri,7565
Jeera,6202
Jeera Aloo Dry,5466
Jeera Masala Soda,6944
Jeera Rice,3210 - 6536 - 10314
Jeera Samba Chicken Biryani,10173
Jeera Soda,6676
Jhakkas Jamun,463
Jharkand Khicadi,791
Jhula Gur,10529
Jigarthanda,8056
Jola Akki Dosa,7156
Joy Nagar Moa,10532
Juice,4953
Kacha Cheese Sandwich,6417
Kacha Sandwich,6416
Kachauri,6780
Kachche Gosht Ki Biryani,10172
Kachori,4137
Kachori Chaat,3567
Kadai Chicken,4655
Kadai Paneer,817
Kadai Veg,6063
Kadala,4244 - 4616
Kadala Curry,7100 - 7339 - 6759 - 6956 - 6758 - 7163
Kadalacurry,776
Kadalai Curry,1070
Kadhai Chicken,5467
Kadhai Doodh,3243
Kadhai Paneer,5468
Kadhi Chawal,7158
Kahwa Kesari,4569
Kai Holige,7160
Kaipola,4227
Kaju Katli,5469
Kakka Roast,6056
Kal Dosa,548 - 4455 - 6562 - 6758 - 4697 - 4554
Kala Jamun,3368
Kalakand,3369
Kali Dosa,4610
Kanchipuram Idli,10317
Kanji,4669
Kappa,4205
Kappa Biriyani,4611
Kappa Puzhukku,4224
Kara Pori,6297
Kara Sev,6206
Karamani,5658
Karampodi Dosa,6150
Karampodi Masala Dosa,6151
Karela Bhaji,3627
Karimeen Fry,6057
Kathal Biryani,5470
Kathal Dum Biryani,5471
Katori Chaat,3568
Kaya Bajji,6109
Kazhi,8051 - 8052
Keema Balls,7161
Keema Samosa,3633
Keera Kootu,810
Keera Rice,4699
Keera Vada,834
Keerai Vada,3610 - 6592
Kerala Chicken Biryani,5472
Kerala Chicken Dum Biryani,5473
Kerala Chicken Meal,6963
Kerala Egg Biryani,7173
Kerala Fish Biryani,7174
Kerala Fish Curry,6287
Kerala Fish Meal,6964
Kerala Mutton Biryani,5474
Kerala Mutton Dum Biryani,5475
Kerala Non Veg Thali,6280
Kerala Paratha,4641 - 7163 - 6535 - 6538
Kerala Parotta,6285
Kerala Veg Meal,6962
Kerala Veg Thali,6279
Kesar Badam Lassi,6842
Kesar Badam Milk,6874
Kesar Bhog,7015
Kesar Falooda,6848
Kesar Peda,3385
Kesar Pista,4854
Kesar Pista Kulfi,4998
Kesar Pista Lassi,5928
Kesar Pista Phirni,7083
Kesari Bath,3389
Kesari Chai,4567
Khaja,10406
Khandvi,3638
Khao Suey With Vegetables,4580
Khaosuey,4577
Khara Bath,4619
Khara Boondhi,10260
Kheer Bati,5788
Kheer Kadam,5782
Khichdi,4621
Khus Ka Sherbet,3320
Kilimeen Fry,7556
Kimchi Fried Rice,4574 - 4576
Kinnathappam,6835
Kinoo Juice,3299
Kirni Juice,1171
Kit Kat Milkshake,6817
Kit Kat Peanut Butter Shake,7165
Kitkat Milkshake,6926
Kitkat Waffle,6001
Kiwi Fruit Milkshake,7166
Kiwi Lassi,4394
Kiwi Pastry,4879
Kizhangu,4247
Kizhi Biriyani,6135 - 6142 - 6141 - 6130
Kodubale,10253 - 866
Kokum Sharbat,3321
Kola Urundai,4136
Kola Vada,6773
Koli Saru,9044
Kolkata Chicken Biryani,5476
Kolkata Chicken Dum Biryani,5477
Kolkata Egg Biryani,5091
Kolkata Mutton Biryani,5478
Kolkata Mutton Dum Biryani,5479
Kolukattai,7000
Kootu,6390
Koozhu,8062
Kothu Parotta,7168
Kotthimera Chicken Dum Biryani,5913
Kozhi Ada,4226
Kozhi Kari Soru,6639 - 762
Kozhi Vadai,6767
Kozhi Varutha Curry,813
Kozhukatta,4242
Kozhukkatta,4218
Krunchy Choco Custard Doughnut,4876
Kuboos,7366
Kulfi,7171
Kulfi Falooda,6847
Kulfi Milkshake,6927
Kung Pao Chicken,6479
Kungpao Cauliflower,6469
Kurkure Chatpata Cheese Namkeen,2320 - 2317
Kurkure Cheese Momo,6088
Kurkure Veg Momo,6087
Kurma,749 - 748 - 6608 - 6565 - 6610
Kuska Biryani,6356
Kuttu Parotta,4623
Laccha Paratha,5132
Lactose Free Milk,4910
Laddu,4236
Lassi,3315
Latte,4086
Lauer Payesh,5786
Lazeez Bhuna Chicken Biryani,6989
Lazeez Chicken Dum Biryani,1573
Lazy Daisy Cake,6037
Leaf Plate,8081
Lebanese Chicken Sandwich,7007
Lebanese Shawarma,6542
Lemon,8878 - 10175
Lemon Chicken,6480
Lemon Chicken Dry,5480
Lemon Honey Tea,9793
Lemon Ice Tea,4449
Lemon Juice,6722
Lemon Masala,8880
Lemon Rice,3203 - 4365 - 10318 - 6571 - 902
Lemon Semiya,7172
Lemon Sevai,862
Lemon Sherbet,7188
Lemon Soda,7546 - 4406
Lemon Tea,3446
Lemony Orange Soda,5885
Lime,8957
Lime Dew,5026
Lobia Pulao,3220
Lobia Vada,3611
Lobster Omelette,4388
Lollipop Chicken,5300
Lotus Biscoff,9408
Lotus Cheese Cake,9982
Luchi,4421 - 5867
Lucknowi Chicken Biryani,5481
Lucknowi Chicken Dum Biryani,5482
Lucknowi Mutton Biryani,5483
Lucknowi Mutton Dum Biryani,5484
Lucknowi Paneer Biryani,5485
Lucknowi Paneer Dum Biryani,5486
Lucknowi Veg Biryani,5487
Lucknowi Veg Dum Biryani,5488
Lychee Juice,6856
Lychee Lassi,6947
Lychee Milkshake,6924
Lychee Soda,6936
M Dew,92
Mac Cheese Pasta,4405
Macaroni Salad,3534
Mackerel Fish Fry,8750 - 8746
Maddur Vada,3606
Madurai Jigarthanda,6295
Maggi,5666 - 4192 - 83
Maggi Fries,5855
Maggi Manchurian,5665
Maggie,9918 - 9927
Makka Cholam,6310
Malabar Cake,4252
Malabar Chicken Curry,6073
Malabar Egg Roast,6958
Malabar Fish Curry,6054
Malabar Parotta,8883
Malabar Stew,6957
Malabar Trevally Fish Fry,8754
Malai,4856
Malai Cham Cham,3386
Malai Chicken,9826
Malai Kulfi,4996
Malai Sandwich,3370
Malaysian Curry Mee Chicken,4578
Malaysian Curry Mee With Vegetables,4581
Malpoa,5789
Malpua,3388
Manchow Chicken Soup,6501
Manchurian,923 - 752 - 754 - 750
Mangalore Bajji,7175
Mangalore Bonda,7176 - 6984
Mangalore Bun,7177
Mango Avocado Milkshake,6928
Mango Cake,3402
Mango Chicken Biryani,5914
Mango Custard Falooda,5093
Mango Dosa,7178
Mango Gateaux,9359
Mango Icecream,6860
Mango Juice,3300
Mango Lassi,4390
Mango Malai,4855
Mango Malai Kulfi,4997
Mango Masti Doughnut,4865
Mango Milkshake,3279
Mango Mojito,6889
Mango Mousse,4166
Mango Pastry,4168
Mango Pheni,7553
Mango Rice,3204 - 908
Mango Rice Bowl,4987
Mango Rosogolla,5790
Mango Salad,5108
Mango Seer Fish Curry,6704
Mango Smoothie,6818
Mango Trifle,7346
Marble Cake,8765
Marble Fruit Cake,8766
Margherita,4599
Margherita Cheese Pizza,4404
Margherita Pizza,5964 - 4968
Masala,9579
Masala Bonda,4207
Masala Chaat,5872
Masala Chai,4318
Masala Cheese Sandwich,7544
Masala Chicken Tikka Wrap,5877
Masala Corn,7347
Masala Dosa,547 - 6145
Masala Egg Curry,8564
Masala Fried Fish,6344 - 811
Masala Gobi Pulao,3230
Masala Idli,5489
Masala Jeera Soda,5884
Masala Kurma Raitha,6609
Masala Maggie,5664
Masala Omelet,790
Masala Omelette,4383 - 5490
Masala Paapad,6731
Masala Paneer Tikka Wrap,5876
Masala Podi Dosa,4749
Masala Puri,3577
Masala Rawa Dosa,6162
Masala Rice,3197
Masala Shikanji,4319
Masala Tea,6872
Masala Uthappam,6560
Masala Uttapam,6256
Masala Uttappam,6166
Masala Vada,3607 - 771 - 6584
Mashed Potato,3669
Mathri,10216
Mattar Mushroom,10314
Mattra Kulcha,5491
Mayo Bread Omelette,4378
Mayo Cheese Bread Omelette,4382
Mayo Chicken Sandwich,7348
Mayo Mushroom Sandwich,5493
Mayo Veg Sandwich,4402
Mayonnaise Sandwich,5494
Mayonnaise Veg Sandwich,5495
Meal Bowl,4852
Meal Maker Masala Dosa,7469
Meat Bun,7004
Meat Cutlet,4233
Meat Samosa,4232
Medhu Vada,745 - 744 - 6583
Mediterranean Grilled Egg,9779
Mediterranean Grilled Salad,9789
Mediterranean Style Chicken,3685
Medu Vada,3608 - 725
Melted Cheese Quesadilla,9976 - 9971
Meram Chicken Masala Dosa,8049
Meram Egg Masala Rice,8050
Meram Mixed Chicken Kuzhambu Rice,8053
Meram Mixed Fish Kuzhambu,8055
Meram Mixed Mutton Kuzhambu Rice,8054
Meram Onion Rava,8044
Meram Onion Uthappam,8046
Meram Podi Onion Rava,8045
Meram Podi Onion Uthappam,8047
Meram Spicy Butter Milk,8057
Methi Aloo Paratha,7349
Methi Dosa,7350
Methi Muthiya Nu Shaak,10312
Methi Pulao,3221
Mexican Cheese Sandwich,7352
Mexican Fries,4402
Mexican Non-Veg Meal,5498 - 5499 - 5500 - 5501
Mexican Non-Veg Packed Meal,5503 - 5504
Mexican Paneer,5899
Mexican Pizza,6891
Mexican Quesadilla Wrap,6026
Mexican Rice,3208
Mexican Roll,4346
Mexican Salad,3541
Mexican Soup,7351
Milk,3656 - 3247 - 446 - 7058
Milk Cake,4427
Milk Chocolate Waffle,4407
Milk Peda,3390
Milkshake,8201
Milky Milk Chocolate Waffle,7051
Milky Mist Mango Lassi,278
Millet,8915 - 9993
Millet Bisi Bele Bhath,7353
Millet Dosa,6149
Millet High Protine Kichidi,8914
Millet Idli,10304
Millet Lemon Rice,3205
Millet Pesarattu,7354
Millet Poha,7355
Minestrone Soup,7356
Mini Cup Cake,10001
Mini Egg Thali,6323
Mini Idli,5509 - 6623
Mini Non - Veg Thali,6322
Mini Samosa,5655
Mini Veg Thali,4335
Mini Veg Uthappam,7012
Mint Chicken,6078
Mint Dosa,4746
Mint Leaves,8878
Mint Lime Juice,4405
Mint Masala Dosa,10414
Mint Oreo Shake,9797
Mint Puff,5654
Mint Rice,3199 - 756
Mint Tea,7624
Mirchi Bajji,7268
Mirchi Bhaji,8888
Misal Pav,3334 - 9139
Mix Leafy Salad,9785
Mix Non-Veg Fried Rice,6081
Mix Veg Bajji,830
Mix Veg Biryani,6138
Mix Veg Curry,6537
Mix Veg Idli,7358
Mix Veg Kuruma,4700
Mix Veg Paratha,4327
Mix Veg Poha,7359
Mix Veg Spl Salad,5006
Mix Veg Uttappam,7357
Mix Vegetable Idli,10306
Mixberry Mojito,7630
Mixed Fruit Bowl,6952
Mixed Fruit Milk Shake,3273
Mixed Veg Biryani,10418
Mixed Veg Tagine,3692
Mixed Vegetable Bhaji,3622
Mixed Vegetable Toast,4197
Mixture,6205
Mochar Chop,7053
Modak,3371
Mohana Ada,4250
Mohingo,7068
Mohingo Chicken,7069
Mohingo Egg Chicken,7070
Mohingo Veg,7067
Mojito,8571 - 4403
Mom Makhana Chaat,2506
Momo,6895
Moms Magic Fruit,446
Mooli Onion Paratha,7361
Mooli Paratha,5973
Moonfils Cheese Tandoori,1679
Moong Chaat,3569
Moong Dal,6706
Moong Dal Bhajji,3618
Moong Dal Cheela,7281
Moong Dal Chilla,9039
Moong Dal Paratha,7362
Moringa,820
Moroccan Cake,9992
Moti Biryani,5088
Moti Pulao,3224
Motichur Laddu,3372
Mousse,8584
Mudakathan Dosa,7011
Muesli,7058
Mughlai Chicken,6079
Mulli Paratha,6606
Mulligatawny Soup,3512
Multigrain Dosa,4483
Multigrain Subs,4989
Mumbai Cheese Sandwich,6414
Mumbai Falooda,5869
Mumbai Sandwich,6412
Mumbai Veg Cheese Sandwich,4683
Mumbai Veg Sandwich,4682
Murgh Makhani,6381
Murukku,5510 - 9579
Mushroom 65,8555
Mushroom Biryani,6139 - 8540
Mushroom Butter Masala,4744
Mushroom Cheese Maggi,5511
Mushroom Cheese Sandwich,5512
Mushroom Chili,6342
Mushroom Chilli,8558
Mushroom Dosa,4733 - 736
Mushroom Fried Rice,5513 - 752 - 751
Mushroom Maggi,5514
Mushroom Manchuria,8559
Mushroom Manchurian,8556
Mushroom Masala Dosa,7468
Mushroom Nihari,5689
Mushroom Noodles,10299
Mushroom Pepper Fry,6052
Mushroom Popcorn,7219
Mushroom Puff,5652
Mushroom Pulao,5515
Mushroom Rice,5516
Mushroom Roll,9112
Mushroom Sandwich,4759
Mushroom Soup,7179
Muskmelon Milkshake,3267
Mutter Paneer,6622
Mutter Paneer Masala Dosa,7472
Mutter Paneer Thali,7084
Mutton,5382 - 5405 - 5501
Mutton Biryani,5425 - 4349 - 6637
Mutton Comb,6113
Mutton Curry,8052 - 6648
Mutton Dum Biryani,5521
Mutton Fried Kebab,3649
Mutton Fry Biryani,5730
Mutton Gravy,7061
Mutton Haleem,7180
Mutton Kari Soru,6640
Mutton Keema Biryani,7182
Mutton Kheema Samosa,6736
Mutton Kola,6765
Mutton Kola Meals,6700
Mutton Kolambu Meals,6697
Mutton Korma,6760
Mutton Masala,6645
Mutton Masala Dosa,8037
Mutton Nombu Kanji,8183
Mutton Pepper Fry,6644 - 815
Mutton Podimas,8072
Mutton Pulao,5522
Mutton Samosa,8075
Mutton Sukka,6763
Mutton Sukka Meals,6701 - 6703
Mutton Tandoori Kebab,3645
Mutton Tawa Kebab,3642
Mutton Thali,6372
Mysore Bajji,5969
Mysore Bonda,7184 - 6593
Mysore Masala Dosa,6175
Mysore Pak,3373
Naan,5523
Nachos,4908 - 4909 - 9979
Nadan Chicken Curry,4644
Nannari Sarbath,4376
Nasi Goreng,4575
Natti Chicken Kebab,5524
Nattukozhi Fry,6761
Needle Fish Fry,8749
Neelgiri Chicken Curry,6076
Neer Dosa,6972
Neer Majjige,8058
Neverno Battered Fish Fry,9244
Neverno Traditional Fish Fry,9242
Neyyappam,4249
Nippattu,5525
Nippattu Masala,7189
Non Veg Bao,7758
Non Veg Burger,8583
Non Veg Calzone,8577
Non Veg Crackers,8573
Non Veg Momo,7190
Non-Veg Momo,6900 - 6902
Non-Veg Momo Platter,6904
Non-Veg Special Momos,6901
Nonveg Curry,6191 - 6189
Noodles,6489
North Indian Chicken Gravy,3486
North Indian Chicken Thali,3460
North Indian Fish Thali,3464
North Indian Non-Veg Meal,5531 - 5532 - 5533
North Indian Non-Veg Packed Meal,5537
North Indian Paneer Thali,3342
North Indian Veg Kadai,6837
North Indian Veg Thali,3340
Nutella,9404 - 9988
Nutella Sandwich,7545
Nutella Soft clair,9998
Nuttella Doughnut,8844
Nutty Delight Cold Stone Ice Cream,4408
Nutty Nutella Waffles,5997
Oat Meal,9783
Oats Dosa,7192
Oats Idli,10303
Oats With Milk,7057
Octopus Biriyani,6128
Omelette,3430 - 4223 - 4220 - 4222 - 4221 - 7194 - 3432 - 6832 - 4754
Omelette Grilled Sandwich,6932
Onam Sadhya,6347 - 6348 - 6349 - 6350
Onion Bajji,6587 - 827
Onion Bhajji,3628 - 3619
Onion Bonda,7195
Onion Cheese Sandwich,5543
Onion Cholam Dosai,4485
Onion Dosa,4612 - 731
Onion Egg Dosa,6187
Onion Ghee Rice,3211
Onion Kachori Chaat,3592
Onion Masala Dosa,4750
Onion Oothappam,7514
Onion Pakoda,7294 - 4215
Onion Paratha,5544
Onion Pepper Pizza,5960
Onion Podi Dosa,4739
Onion Quesadilla,5772
Onion Raagi Dosa,6631
Onion Ragi Dosa,4484
Onion Rava,8039
Onion Rava Dosa,6178
Onion Rawa Dosa,6161
Onion Samosa,3601
Onion Set Dosa,6186
Onion Uthappam,6558 - 8041
Onion Uttapam,4461
Onion Utthappam,6169
Onion Wheat Dosa,6632
Open Chicken Sandwich,3600
Open Dosa,7196
Open Dosa Masala,7197
Open Veg Sandwich,3599
Option,757
Orange,8957
Orange Juice,3288
Orange Mojito,6824
Orange Tea Cake,7199
Oreo,9411
Oreo Milk Shake,4439
Oreo Shake,3259
Oreo Waffle,6000
Oriental Chicken,3499
Oriental Paneer,3504
Oriental Soup,6651
Ortolana Pizza,4600
Oyster Chicken,6481
Oyster Chilly Chicken,6458
PB Lassi,6674
Paan Lassi,6843
Paapad,6732
Pabda Macher Thali,7493
Paddu,4590
Pain Au Chocolate,5027
Pakkavada,4470
Pakoda,4591
Palak,6614
Palak Aloo Paratha,7203
Palak Bajji,831
Palak Bhajji,3620
Palak Chicken,6077
Palak Dosa,7202
Palak Paneer,5545
Palak Paneer Biryani,8541
Palak Paneer Dosa,6183
Palak Puri,6905
Palak Rice,3206
Palak Set Dosa,10415
Palak Vada,3612
Palamuri Chicken Biryani,5729
Pan Cake,5970 - 6729
Panakkam,3323
Paneer,6141
Paneer 555,8548
Paneer 555 Biryani,8535
Paneer 65,6908
Paneer 65 Biryani,7205
Paneer Achari Tikka,8550
Paneer Achari Tikka Biryani,8538
Paneer Amritsari,8554
Paneer Appe,9931 - 9919 - 9928
Paneer Bhaji,3629
Paneer Biriyani,5880
Paneer Biryani,3236 - 8540 - 6140 - 6988
Paneer Bread Omelette,4381
Paneer Bread Pakoda,4429
Paneer Bun,7206
Paneer Burger,3597
Paneer Butter Masala,6716 - 5975 - 6621 - 6513
Paneer Butter Masala Sandwich,4400
Paneer Cashew Biryani,5690
Paneer Cheese Sandwich,4772
Paneer Chilli,5546
Paneer Corn Masala,7208
Paneer Crackers,4134
Paneer Curry,6397 - 6375 - 4677 - 6194
Paneer Curry Paratha,6376
Paneer Dosa,4734
Paneer Dry,3492
Paneer Dum Biryani,5548
Paneer Fried Rice,5549 - 754 - 753 - 6581
Paneer Ghee Roast,8553
Paneer Gravy,3491
Paneer Hot Dog,3660
Paneer Jhalfrezi,9040
Paneer Kofta,6083
Paneer Lababdar,5550
Paneer Maggi,5857
Paneer Majestic,8547
Paneer Majestic Biryani,8534
Paneer Makhani,4654 - 807
Paneer Malai Tikka,8551
Paneer Malai Tikka Biryani,8539
Paneer Manchurian,5551
Paneer Manchurian Biryani,8533
Paneer Masala,4631
Paneer Masala Dosa,6126
Paneer Momo,5552
Paneer Onion Dosa,6152
Paneer Pakoda,8549
Paneer Pakoda Biryani,8536
Paneer Paratha,4571 - 6607
Paneer Pasta,6950
Paneer Pepper Dry,5554
Paneer Pizza,3658
Paneer Popcorn,8552
Paneer Puff,4766
Paneer Pulao,5555 - 6195
Paneer Pyaz Paratha,6754
Paneer Rice Bowl,6659
Paneer Roasted Pulao,3225
Paneer Roll,6784 - 4403
Paneer Salad,5099
Paneer Sandwich,4760
Paneer Satay,4574
Paneer Schezwan Fried Rice,5556
Paneer Shaslik,3689
Paneer Shawarma,5776
Paneer Stuffed Cheela,5557
Paneer Tikka,6744 - 3712 - 6512
Paneer Tikka Biryani,6143 - 8537
Paneer Tikka Cheese Sandwich,4687
Paneer Tikka Croissant,8818
Paneer Tikka Mini Roll,8833
Paneer Tikka Momo,4375
Paneer Tikka Sandwich,4686 - 9036
Paneer Wrap,3664
Panipuri,3578 - 6408
Paniyaram,4758
Papad,6572 - 6568 - 6570
Papad Poriyal,6573
Papaya,1171
Papaya Milkshake,3268
Papdi Chaat,3583 - 6419
Papdi Sandwich,6418
Papdi Sandwich Cheese,6420
Paper Dosa,4742
Paper Masala Dosa,10416
Papri Chaat,6980
Parappu Adai,6630
Paratha,749 - 748 - 6374 - 6378 - 823
Paratha Bhaji,3355
Parippu Payasam,7209
Parippu Pradhaman,9496
Parippu Vada,4202
Parotta,5924 - 6610 - 6611 - 4457 - 6753 - 6755 - 6715 - 6717 - 6647 - 6649 - 6648
Parsley,7636
Paruppu Podi,6392
Paruppu Vadai,6833
Passion Fruit Mojito,7632
Pasta,6902 - 6896
Pasta Salad,9780 - 9778 - 9788
Pathiri,4209
Patishapta,10535 - 10529
Patti Samosa,3579
Paturi Thali,7495
Pav,6269
Pav Bhaji,3356 - 3616
Payasam,4664
Pazham Nirachathu,4204
Pazham Pori,6370
Pazham Puzhungiyathu,4243
Peach Ice Tea,4320
Peanut Butter Grilled Sandwich,6931
Peanut Butter Milk Shake,7640
Peanut Chat,7282
Peanut Masala,6919
Peanut Rice,3194
Peanuts,6407 - 9410
Peas Masala Dosa,6554
Peas Pulao,3222
Peas Samosa,5558
Peethiwali Desi Ghee Aloo Tikki,5870
Penne Alfredo Chicken,5773
Penne Alfredo Veg,5774
Pepper Chicken,5922 - 938
Pepper Chicken Biryani,8532
Pepper Chicken Curry,6515
Pepper Chicken Dry,6516
Pepper Chicken Shawarma Plate,7365
Pepper Egg Masala,8068
Pepper Salad,9774 - 9790 - 9771 - 9770
Pepperoni Pizza,4602
Peri Peri French Fries,6050
Peri Peri Fries,4398
Peri Peri Paneer,4342
Peri Peri Potato Salad,3542
Pesarattu,5907
Pesarattu Dosa,6627
Philly Steak Chicken Sandwich,4693
Phirni,10403
Phulka,6208 - 7062
Pickle,3190
Pineapple,10175
Pineapple Dosa,7215
Pineapple Ice-Cream Shake,8959
Pineapple Juice,3301
Pineapple Lassi,4391
Pineapple Pastry,3395
Pineapple Salad,5098
Pineapple Shake,8958
Pineapple Sheera,3374
Pineapple Upside-Down Cake,7216
Pink Perch Fish Fry,8752
Pista Badam Smoothie,8876
Pista Milkshake,3280
Pista Pastry,5839
Pizza,9011 - 6870
Pizza Appe,9931
Plain Biryani,4558
Plain Bun,6884
Plain Croissant,4911
Plain Dosa,4607 - 470 - 6188
Plain French Fries,7042
Plain Fruit Sandwich,6933
Plain Naan,6509 - 6600
Plain Omelette,4752 - 4751
Plain Paratha,10312 - 4927 - 10316
Plain Pesarettu,9913
Plain Rava Dosa,6563
Plain Rice,5974
Plain Roti,6511 - 6602
Plain Uthappam,6557
Podi Dosa,735 - 4736
Podi Idli,4325 - 6625
Podi Kal Dosa,4967
Podi Masala,7198
Podi Masala Dosa,6176
Podi Onion Rava,8040
Podi Onion Uthappam,8042
Podi Uthappam,6559
Poha,83 - 3336 - 772
Pomegranate Milkshake,3274
Pomfret Fish Fry,8747
Pomfret Macher Thali,7494 - 7494
Pomodoro Basilico Sauce Pasta,10315
Pomodoro Pasta,4596
Pongal,6567 - 726 - 4460
Poondu Kolambu,816
Poondu Ulli Masala,821
Poori,6633 - 5937 - 5938 - 4618 - 860 - 861
Poori Aloo,6726
Poori Bhaji,3354
Poori Chole,3335
Pop Corn,6294
Poriyal,6572 - 6389 - 6568 - 4565 - 6570
Poriyal Papad,6571 - 6569
Poriyal Pickle,6574
Porridge,5948
Potato Bajji,6589
Potato Bhajji,3624
Potato Bonda,6582
Potato Cheese Ball,6740
Potato Cheese Shots,6890
Potato Leek Soup,7220
Potato Pakoras,6740
Potato Puff,3603
Potato Soup,7324
Potato Twister,6876
Potato Wedges,3667
Potli Samosa,3602
Prawn Biryani,3235
Prawn Chilli Garlic Noodles,5559
Prawn Fried Rice,5564
Prawn Fry,6762
Prawn Hakka Noodles,5565
Prawn Masala Dosa,8036
Prawn Podimas,8071
Prawn Schezwan Fried Rice,5566
Prawn Schezwan Noodles,5567
Prawn Singapore Noodles,5568
Prawn Thokku,8067
Prawn Thokku Meals,6699
Prawns Biriyani,4636
Prawns Curry,3440
Prawns Fry,3438
Prawns Tandoori,3439
Protein Shake,8211
Pudding Cake,4158
Pudhina Rice,6569
Pudina Rice,5977 - 905
Pulao,3229
Puliyogare,3198
Pull Apart Bread,8837
Punjabi Food Festival,5927
Punjabi Samosa,3604
Puttu,6960 - 8034 - 4616 - 776
Qubani Ka Meetha,5910
Quiche,8578 - 10004
Raagi Aadai,6629
Raagi Dosa,5933
Raagi Koozhu,5940
Raagi Puttu,5942
Raagi Semiya,5941
Rabdi,3367 - 3375
Rabri Falooda,6849
Ragda Pattice,3718
Raggi Dosa,6148
Ragi,9993
Ragi Dosa,6564 - 6190
Ragi Ganji,8062
Ragi Idiyappam,7223
Ragi Idli,7225
Ragi Masala Dosa,6184
Ragi Mudde,4424
Ragi Porridge,10251
Ragi Roti,7226
Ragi Set Dosa,6191
Rainbow Velvet Waffles,5995
Raita,3329
Raitha,6094 - 6576 - 746 - 6575
Raj Bhog,3376
Raj Kachori Chaat,3570
Rajma Masala,6522
Rasam,8196
Rasam Bonda,7228
Rasam Rice,3212 - 6714
Rasgulla,3378 - 6781
Rasmalai,3377
Rasmalai (Eggless),10224
Raspberry Lassi,6945
Ratatouille,7230
Rava Dosa,5931 - 8038
Rava Idli,769
Rava Kitchadi,6706 - 6552
Rava Masala Dosa,6179
Rava Vada,10252
Raw Banana Bhajji,3617
Raw Mango Seer Curry,6698
Rawa Dosa,6160
Rawa Idli,5573
Rawa Uttapam,7231
Rawa Vada,3613
Rawthar Chicken Biriyani,6080
Red Rice,6550
Red Velvet Cake,3400
Red Velvet Cream Cheese,9360
Red Velvet Cupcake,5574 - 10082
Red Velvet Waffles,5994
Regular Rice Bowl,9970
Reshmi Kebab,5575
Ribbon Fish Fry,8756
Ribbon Pakoda,6204
Rice,4433 - 7116 - 6394 - 6373 - 3213 - 6395 - 6377 - 8055 - 8915 - 7194 - 6397 - 6375 - 866
Rice Bath,7438
Rice Bowl,5888 - 5887 - 5900 - 5899
Rice Kheer,3387
Ridge Gourd Bajji,10255
Roasted Chicken,7234
Romali Roti,5576
Rooh Afza Shake,3260
Rose Lassi,5929
Rose Milk,3251
Rose Milkshake,3254
Rosogolla,5784
Roti,6718 - 6394 - 6395 - 6397 - 6321
Royal Falooda,6831
Russian Medovik Pastry,10000
Sabudana Dosa,7238
Sabudana Kheer,10402
Sabudana Khichdi,3717
Sabudana Upma,5971
Sabudana Vada,7239
Saffron Almond Latte,9908
Saffron Pulao,3226
Sagu,4618
Salan,8945
Salem RR Plain Biryani,4725
Salem Thattu Vadai,6296
Salsa,9979
Salt Fries,4592
Salt Lassi,6838
Salt Pepper Mushroom,6448
Salted Caramel Pie,4906
Samba Rava Kitchadi,5935
Sambar,3330 - 6551 - 8915 - 3654 - 6106
Sambar Rice,3200 - 4363 - 6568 - 4698 - 755 - 739
Sambar Sadam,7240 - 4565
Sambar Vada,4334 - 783
Sambhar,10319 - 10318
Samosa,3562 - 3587 - 6421 - 4452 - 955 - 6595
Samosa Chaat,4419 - 6597
Samosa Pav,5578
Sandwich,6870
Sanna,7241
Sardine Fish Fry,8751
Sarkarai Pongal,6105
Sattu Paratha,7242
Sauce,751 - 753
Savala Vada,6785
Schezwan Chicken,5304
Schezwan Chicken Dry,5579
Schezwan Chicken Momo,5293
Schezwan Chicken Noodles,5898
Schezwan Chicken Sandwich,7008
Schezwan Fried Rice,6401
Schezwan Mixed Veg Noodles,10301
Schezwan Mixed Veg Rice,10302
Schezwan Mushroom Noodles,10300
Schezwan Veg Noodles,5897
Schwezan Chicken,6482
Scrambled Egg,3431 - 3433
Seafood Biriyani,6127
Seasonal Fruit,5006
Seeragasambha Mutton Biriyani,6358
Semiya Kheer,3379
Semiya Khichadi,774
Semiya Khichdi,5934 - 6106
Semiya Kichadi,765
Semiya Upma,3337
Sesame Chilly Chicken,6462
Set Dosa,6168 - 6832 - 6189 - 7263 - 4696 - 4555 - 727
Sev Puri,3580
Shahi Paneer,6084
Shahi Tukda,7244
Shakkar Pare,10258
Shanghai Chicken,6478
Shanghai Rice,6489
Shanghai Veg,6452
Shavige Bath,7437
Shawarma,6547
Sheer Khurma,7245
Sheera,3380
Sheermal,5689
Shenga Holige,7246
Shepherd's Pie,9075
Shezwan Cheese Dosa,6159
Shezwan Dosa,6155
Shezwan Masala Dosa,6156
Shezwan Paneer Dosa,6158
Shikanji,3316 - 9799
Shor Bhaja,5780
Shredded Chicken Chilly,6465
Shrikhand,3381
Side Dish,716 - 717
Signature Donuts,5844
Signature Plum Cake,10084
Silky Truffle,9985
Singapore Noodles,6496
Sizzler,6895
Sizzling Brownie Volcano,4409
Smiley,5663
Smoked Chicken Sausage Pizza,5896
Smoky Bbq Maggi,5854
Smoothie,6751
Snachos,7248
Snack Box,4127
Snacks,6271
Snicker Waffle,5999
Snickers Waffles,4366
Soda Rasam,8064
Softee,9401 - 9403
Solkadhi,3317
Soppu Bonda,7249
Sorshe Ilish,6120
Sorshe Ilish Platter,6116
Sour Cream,4585
South Indian Chicken Gravy,3487
South Indian Chicken Thali,3462
South Indian Fish Thali,3466
South Indian Non-Veg Meal,5584 - 5585 - 5586
South Indian Non-Veg Meal - Chicken,5583
South Indian Non-Veg Packed Meal,5588 - 5589 - 5590
Soya Bean Pakoda,10259
Soya Biryani,7252
Soya Chaap Biryani,5691
Soya Curry,7415
Soya Dosa,7253
Soya Pulao,3228
Soya Tikka Grilled Roll,6973
Spanish Omelette,4767
Special Exotic Strawberry Doughnut,5012
Special Laddu,4237
Special North Indian Chicken Thali,3461
Special North Indian Fish Thali,3465
Special North Indian Paneer Thali,3343
Special North Indian Veg Thali,3341
Special South Indian Chicken Thali,3463
Special South Indian Fish Thali,3467
Special South Indian Veg Thali,4458
Spice Brownie,10086
Spicy Fried Chicken,5301
Spicy Mayo Corn Sandwich,4401
Spicy Mexican Roll,4340
Spicy Minced Chicken Burger,7466
Spinach Corn Rice,7254
Spinach Idli,10305
Spinach Lavash,8839
Spinach Soup,7325
Spl Gravy,6611
Spl Puff,6422
Sponge Fruit Cake,10265
Spring Onion,5416
Spring Onion Dosa,6173
Spring Onion Uttappam,7255
Spring Rolls,6650
Sprout Bhel,3581
Sprout Dosa,7256
Sprout Uttappam,7257
Sprouts Idly,7258
Sprouts Poha,10261
Sprouts Salad,3545
Squid Biriyani,6129
Squid Roast,6055
Srilankan Sambal,5959
Steam Rice,786
Steamed Corn,6352
Steamed Corn Chat,1001
Steamed Peanuts,6351
Steamed Rice,10311 - 3237 - 789 - 4415 - 4678 - 4676 - 4677
Steamed Sprouts,1003
Stew,5944
Straffued Kala Jamun,9956
Strawberry,6748
Strawberry Avocado Milkshake,6929
Strawberry Chocolate Shake,3282
Strawberry Cupcake,5594
Strawberry Danish,10222
Strawberry Doughnut,5593
Strawberry Fruit,3764
Strawberry Lassi,4392
Strawberry Lemonade,4991
Strawberry Milkshake,3257
Strawberry Mojito,7629
Strawberry Muffin,5595
Strawberry Pastry,3398
Strawberry Sauce,9407
Strawberry Smoothie,6819
Strawberry Softy,8187
Strawberry Tres Leches Jar,10225
Stuffed Chicken Tandoori Kulcha,3454
Stuffed Chicken Tandoori Paratha,3448
Stuffed Chicken Tawa Paratha,3452
Stuffed Chilli Bajji,6309
Stuffed Dates,4133
Stuffed Dosa,7260
Stuffed Mirchi Vada,3615
Stuffed Paratha,3338
Stuffed Veg Tandoori Kulcha,3457
Stuffed Veg Tandoori Paratha,3450
Stuffed Veg Tawa Paratha,3451
Sugar Doughnut,3406
Sugar Dust Doughnut,8843
Sukha Bhel,3582
Sukha Puri,3591
Sukhiyan,6549
Sukiyan,4210
Sukku Coffee,4730
Summer Fruit Salad,9781
Sundae,8205
Sundal,5657
Sweet Beeda,6298
Sweet Boondi,7046
Sweet Bun,6270
Sweet Corn,4763
Sweet Corn Cheese Sandwich,5596
Sweet Corn Chicken Soup,5286
Sweet Corn Sandwich,6746
Sweet Corn Soup,6497
Sweet Corn Vegetable Soup,5284
Sweet Lassi,4389
Sweet Parotta,4253
Sweet Poli,7562
Sweet Potato,9774 - 9790 - 9771 - 9770
Sweet Puff,5653
Sweet Roll,7561
Sweet Rose Lassi,5894
Sweetcorn Soup,3518
Swiss Roll,5028 - 883
Szechwan Chicken Rice,6488
Szechwan Noodles,6491 - 6493
Szechwan Rice,928 - 927
Tamarind Rice,906
Tamrind Rice,6103
Tandoor Roti,6537
Tandoori Cheese Pasta,4406
Tandoori Chicken,5597 - 6505
Tandoori Chicken Tikka Kebab,5030
Tandoori Chicken Tikka Salad,3552
Tandoori Kulcha,6733 - 3456
Tandoori Mayo Veg Sandwich,5598
Tandoori Naan,3455
Tandoori Paneer Pizza,4403
Tandoori Paneer Tikka Kebab,5029
Tandoori Paratha,3449 - 6506
Tandoori Roti,3459
Tandoori Sandwich,4326
Tandoori Tofu Salad,3533
Tart,8579
Tawa Beef Roast,6289
Tawa Bonda,8846
Tawa Naan,10321
Tawa Paneer Bonda,8847
Tawa Paratha,3453
Tawa Pulao,3227
Tawa Roti,3458
Tea,3444 - 6271 - 7262
Tea Cake,3423
Tender Coconut Milk Shake,4435
Thai Chilli Mushroom,5295
Thai Chilli Paneer,5296
Thai Green Curry Noodles,4579 - 4582
Thai Veg Puff,9999
Thalasseri Kalyana Biriyani,6133
Thalassery Chicken Dum Biryani,6282
Thandai,3277
Thatte Idli,5612
Thattu Dosa,6834
Thawa Fried Chicken,5302
Thayir Vada,784
Thengai Vellam Kozhukattai,6990
Thilopi Fry,6058
Three Bean Stew,3686
Tiramisu Cup,4329
Tiramisu Shot,10005
Tiranga Dahi Papdi Chaat,3571
Tofu Shaslik,3690
Tomato Cheese Pasta,4598
Tomato Cheese Sandwich,5613
Tomato Chicken Curry,6075
Tomato Cucumber Lettuce Sandwich,7264
Tomato Curry,8566
Tomato Dum Rice,767
Tomato Juice,3307
Tomato Rice,3201 - 4364 - 6570 - 901
Tomato Sadam,7261
Tomato Sauce,3679 - 3675
Tomato Sauce Pasta,7123
Tomato Sevai,773
Tomato Shorba,3514
Tomato Soup,7265
Tomato Utthappam,6170
Tossed Salad,9786 - 3547
Tossed Salad Chicken,9775
Town Bus,866
Tres Cheese Fries,4593
Tres Leches,9988 - 9987
Triple Chocolate Waffle,6003
Triple Pepper Noodles,10310
Trivandrum Chicken Fry,6288
Tropical Veg Sandwich,10003
Tulsi Tea,7266
Tuna,9792 - 9787 - 9789 - 9785 - 9788 - 9790 - 9786
Tuna Fish Fry,8748
Turkish Kebab Roll,6543
Turmeric Milk,3250
Tuvar Thota,10313
Tuver Dal,10316
Twister Danish,7003
Uggani,5972 - 7267 - 7268
Ulavacharu Chicken Biryani,5726
Ulli Karam Masala Dosa,5908
Ulli Vada,4203
Ulundhu Poornam Kozhukattai,6991
Undampori,4200
Unnakai,4216
Unni Appam,4248
Upma,7150 - 3715 - 770
Uppu Kadalai,4765
Uppu Kara Manga,6307
Usal Pav,3333
Uthappam,733 - 7513
Uttapam,3652
Uzhunnu Vada,4212
Vada,724 - 6566 - 6567 - 4353 - 775
Vada Curry,6561 - 6562 - 4554 - 4555 - 727
Vada Pav,3605
Vada Usal,3614
Vadakari,4481
Vangi Bath,3232
Vanilla,9401 - 6781
Vanilla Blueberry Cupcake With Frosting,10083
Vanilla Cake,3419
Vanilla Choco Chip Doughnut,4864
Vanilla Cream,883
Vanilla Cupcake,5614
Vanilla Frappe,6272
Vanilla Milkshake,4400 - 6816
Vanilla Pastry,5838
Vanilla Shake,3269
Vanilla Softy,8189
Vanjaram Fish Fry,6771
Variety Rice,6103 - 739 - 738
Vazhai Illai Fish,8069
Vazhaipoo Vadai,4131
Vazhapoo Vada,6590
Vazhuthana Bhaji,4246
Veeshappam,7416
Veg Ball Manchurian,5886
Veg Balls In Hot Garlic Sauce,6472
Veg Bao,7757
Veg Bhuna Masala,5892
Veg Biriyani,4702 - 4634 - 4635 - 6576
Veg Biryani,701 - 6520 - 746 - 741 - 6097
Veg Burger,3596 - 5884
Veg Calzone,8576
Veg Cheese Balls,4130
Veg Cheese Sandwich,4195
Veg Chettinad Biryani,6273
Veg Chilli Garlic Noodles,5307
Veg Chopsuey,6911
Veg Club Cheese Sandwich,4768
Veg Club Sandwich,4144
Veg Coleslaw Cheese Sandwich,5616
Veg Coleslaw Sandwich,5617
Veg Croissant,3706
Veg Curry,4613 - 7341 - 4695
Veg Cutlet,832 - 4315
Veg Delight Wrap,4406
Veg Dum Biryani,761 - 5619
Veg Fingers,4400
Veg Fried Momo,5289
Veg Fried Rice,4701 - 3498 - 6432 - 750 - 6402
Veg Gravy,7263
Veg Grilled Cheese Sandwich,4680
Veg Grilled Sandwich,4679
Veg Hakka Noodle,4559
Veg Hot Dog,3659
Veg Hunan,10310
Veg Idli,7204
Veg Jaipuri,6069
Veg Jungli Sandwich,8832
Veg Kathi Roll,6275
Veg Khau Suey,10263
Veg Kolahpuri,6067
Veg Kolhapuri Puff,8819
Veg Korma,5620
Veg Kothu Parotta,5979
Veg Kurma,4702 - 4627
Veg Machurian Dosa,6157
Veg Maggi,3360
Veg Manchow Fried Rice,5308
Veg Manchuria Biryani,6098
Veg Manchurian,6468 - 1006 - 6455
Veg Manchurian Biryani,5007
Veg Masala Dosa,3719
Veg Momo,3502 - 5287 - 6896 - 5288
Veg Momo Burger,6894
Veg Momo Platter,6898
Veg Momos,8944
Veg Nanking Noodles,935
Veg Noodle Soup,7271
Veg Noodles,3495
Veg Nuggets,5662
Veg Omelette,4753
Veg Pakora,4436
Veg Pasta,1013 - 7211 - 3674 - 3676 - 3675
Veg Pasta With White Sauce,3673
Veg Patties,6782
Veg Pink Sauce Pasta,7761
Veg Pizza,6276
Veg Puff,4191
Veg Pulao,4347 - 4637 - 4638 - 1681 - 785
Veg Pulav,6014 - 6575
Veg Roll,4234
Veg Romesco Pasta,7272
Veg Samosa,4230
Veg Sandwich,4405 - 3593 - 4473 - 4472
Veg Schezwan Fried Rice,5306
Veg Schezwan Momo,5290
Veg Schezwan Noodles,5624
Veg Seekh Kabab Grilled Roll,6974
Veg Seekh Salad,3544
Veg Shashlik,3688
Veg Singapore Noodles,5625
Veg Spring Roll,4085
Veg Starter,6402
Veg Stew,6368 - 7101 - 6290
Veg Sub,8213
Veg Szechwan Rice,6578
Veg Tacos,7273
Veg Thali,977
Veg Wrap,3663
Vegetable Balls,5627
Vegetable Bhat,5968
Vegetable Biryani,3192
Vegetable Calzone,9961
Vegetable Fried Kebab,3650
Vegetable Hot And Sour Soup,3519
Vegetable Idli,7492
Vegetable Juice,3291
Vegetable Lasagne,3694
Vegetable Manchow Soup,3520
Vegetable Puff,3709
Vegetable Pulao,3218
Vegetable Quiche Pie,4169
Vegetable Satay,4573
Vegetable Soup,3511 - 7270
Vegetable Tandoori Kebab,3646
Vegetable Tawa Kebab,3643
Vegetable Tikka,3713
Vegetable Upma,52
Vegetable Utthappam,6185
Vegetables,4582
Vegetables In Hunan Sauce,5629
Vegetables In Schezwan Sauce,5630
Veggi Manchow,293
Veggi Roll,6976
Veggie Appe,9931 - 9915 - 9922
Veggie Burnt Garlic Fried Rice,5305
Velarikai,6313
Vendhaya Dosai,4481
Verkadalai,5656
Very Veggie Semizza,5878
Vietnamese Rice Roll,6025
Virgin Mojito,4401 - 6887
Virgin Pina Colada,7274
Wada,3332 - 10319
Waffle,8568
Waffle Cone,9401 - 9403
Waffles,3672
Watermelon Ice Cream,7275
Watermelon Juice,3285
Watermelon Mojito,6888
Western Egg,1017
Wheat Dosa,4482
Wheat Idiyappam,7276
Wheat Paratha,4640 - 6193 - 6192 - 6194
Wheat Poha,7277
Wheat Pongal,7278
Wheat Upma,7279
White Chocolate,883 - 5989
White Fantasy Waffles,5993
White Forest Cake,5631
White Forest Pastry,5632
White Rice,6393
Wok Works,5770
Yakhni Pulao,7280
Yellow Dal,6613
Yellow Peas Masala,4783
Yezhaneer Paiyasam,8059
Yogurt,4572
Zinger Burger,6545
Zinger Paneer Burger,4398
Zucchini,5772