id,name,trace_ids
1,Aam Ka Panna,3318
2,Aam Sandesh,5781
3,Aamras,8199
4,Aappam,7010
5,Achar,-1
6,Achari Chana Pulao,10308
7,Adai Dosai,7013
8,Adai Uttapam,4241
9,Affogato,9037
10,Afgani Chicken,6745 - 6743
11,Afghani Chicken Biryani,6283
12,Afghani Murgh Tikka,10174
13,Aglio Oglio Pasta,7762
14,Ajmer Cake,7560
15,Akki Roti,7087
16,Al Faham Chicken,6539
17,Alasande Vada,7089
18,Alfredo Pasta,7121
19,Allepy Chicken Curry,4643
20,Almond,4313
21,Aloo Bhaji,8887
22,Aloo Bhature,6906
23,Aloo Bhindi,6062
24,Aloo Biryani,6015
25,Aloo Bonda,4217
26,Aloo Bun,7090
27,Aloo Chaat,6235 - 7541
28,Aloo Chilli,10229
29,Aloo Chop,10230
30,Aloo Dum,5867 - 6014
31,Aloo Gobi,6064
32,Aloo Gobi Paratha,10412
33,Aloo Jeera,6065
34,Aloo Manchurian,10231
35,Aloo Masala,5937 - 860
36,Aloo Masala Cheese Sandwich,5327
37,Aloo Masala Sandwich,5328
38,Aloo Mattar,9041
39,Aloo Methi Paratha,10307
40,Aloo Mutter Curry,5329
41,Aloo Mutter Kulcha,7092
42,Aloo Mutter Masala,6066
43,Aloo Palak,6068
44,Aloo Paratha,4570 - 6604
45,Aloo Patty Salad,3535
46,Aloo Puri,7538
47,Aloo Pyaz Paratha,6752
48,Aloo Sabzi,7091
49,Aloo Samosa,4322
50,Aloo Sandwich,4761
51,Aloo Tamatar,9042
52,Aloo Tikki Chaat,4418
53,Aloo Tikki Ragda Chaat,3561
54,Aloo Tikki Sandwich,7094
55,Ambuli Juice,8063
56,Ambur Chicken Biryani,4451
57,Ambur Egg Biryani,7095
58,Ambur Mutton Biryani,5331
59,Ambur Veg Biryani,4450
60,American Chocomax,5965
61,Americano,4088
62,Amriti,5787
63,Amritsar Chicken,7096
64,Amritsari Fish Fry,9243
65,Anchovy Fish Fry,8753
66,Andhra Chilli Chicken,5332
67,Andhra Kara Dosa,6553 - 4745
68,Andhra Special Chicken Biryani,7549
69,Andhra Special Veg Biryani,7550
70,Andhra Veg Biryani,5722
71,Anjeer Milk Shake,3275
72,Anjeer Peda,10232
73,Appalam,6391
74,Appam,6959 - 6368 - 7099 - 7100 - 7101 - 4615 - 4444 - 4614 - 8035 - 4613
75,Appe,9918 - 9927
76,Appe Lollypop,9916 - 9923
77,Appe Pizza,9921 - 9930
78,Appe Platter,9931
79,Apple,6751
80,Apple Cinnamon Tart,10234
81,Apple Fruit Shake,3261
82,Apple Juice,3302
83,Apple Milk Shake,8872
84,Apple Muffin,10236
85,Apple Pie,3727
86,Arabian Roll,6302
87,Arabic Kabooli Rice,6539
88,Arabic Kabuli,6284
89,Arisi Paruppu Sadam,6343
90,Assorted Bajji,4354
91,Assorted Veg Paneer Sandwich,7006
92,Atho Chicken,7065
93,Atho Egg,7064
94,Atho Egg Chicken,7066
95,Avakaya Chicken Biryani,5727
96,Avakaya Mutton Biryani,5732
97,Avalaki Bhath,7105
98,Avalakki Bath,7436
99,Avial,6630
100,Avocado Milkshake,7104
101,Awadhi Chicken Biryani,5090
102,Awadhi Veg Biryani,7106
103,Azadi Non Veg,9332
104,BBQ Chicken,5888
105,BBQ Chicken Burger,6544
106,BBQ Chicken Salad,3559
107,BBQ Paneer,5887
108,Baby Corn,8557
109,Baby Corn 65 Biryani,5911
110,Baby Corn Chilli,6053
111,Baby Corn Fried Rice,6579
112,Baby Corn Manchurian,7107
113,Baby Corn Masala Dosa,6628
114,Baby Corn Mushroom Masala Dosa,7475
115,Baby Corn Pakoda,10237
116,Baby Corn Paneer Biryani,10419
117,Baby Corn Pepper Masala,7108
118,Baby Corn Salad,5104
119,Baby Corn Tikka,10238
120,Babycorn Cheese Sandwich,5333
121,Babycorn Dosa,4735
122,Babycorn Manchurian,6444
123,Babycorn Mushroom Biryani,5008
124,Badam Milk,3238
125,Badam Peda,10239
126,Badam Pheni,7552
127,Badam Shake,3276
128,Badam Chai Tea,8874
129,Baigan Bharta,8203
130,Baigan Bharwa,8204
131,Baked Cheese Cake,10002
132,Baked Chicken Au Gratin,3697
133,Baked Chicken Eggplant Moussaka,3682
134,Baked Eggplant Moussaka,3681
135,Balushahi,10401
136,Banana,3530 - 6748
137,Banana Bajji,6915 - 6591
138,Banana Bonda,8763
139,Banana Cake Slice,3408
140,Banana Caramel Cake,3411
141,Banana Cashew Cake,3412
142,Banana Chocolate Cake,3413
143,Banana Chocolate Cake Shake,7110
144,Banana Fry,4201
145,Banana Honey Milk Shake,2611
146,Banana Lassi,4393
147,Banana Milkshake,3252
148,Banana Pancakes,3414
149,Banana Rasayana,10241
150,Banga Chicken,7073
151,Banga Egg,7072
152,Barfi,5336
153,Barracuda Fish Fry,8755
154,Basbousa,6036
155,Basil Pesto Pasta,7120
156,Basmati Rice,741
157,Basundi,10405
158,Batani Curry,7340
159,Bbq Chicken,7111
160,Bbq Fries,5859
161,Bbq Paneer,7112
162,Bbq Pizza,6790
163,Bedmi Poori,5868
164,Beef Biryani,7519
165,Beef Curry,6291 - 6534 - 6535 - 6285
166,Beef Fry,7621
167,Beef Roll,7628
168,Beetroot,10249 - 6751
169,Beetroot Aloo Paratha,7113
170,Beetroot Dosa,7114
171,Beetroot Juice,3292
172,Beetroot Lassi,10243
173,Bejo Soup,7076
174,Belgian Doughnut,4874
175,Belgium Chocolate Truffle,9357
176,Belgium Pastry,3729
177,Bell Pepper Pizza,7763
178,Berliner,10217
179,Berry Cake,9993
180,Besan Barfi,3391
181,Besan Chilla,9038
182,Besan Laddu,3361
183,Besan Ladoo,9955
184,Bhagara Rice,3193
185,Bhaji Pav,5337
186,Bhalla Papri Chat,6981
187,Bhatura,5945 - 6727
188,Bhature,3353
189,Bhel,3573
190,Bhel Puri,3574
191,Bhindi,8206
192,Bircher Muesli,10244
193,Birdy's Chicken Jungli Sandwich,8834
194,Biriyani Zone Special Chicken Curry,5893
195,Biryani,4433
196,Biscoff Cheese Pastry,10203
197,Bisi Bele Bath,4425 - 3231
198,Black Chana Chaat,3584
199,Black Channa,7116
200,Black Channa Sundal,7117
201,Black Channa Vada,7118
202,Black Coffee,3443
203,Black Currant Kulfi,6850
204,Black Currant Lassi,6946
205,Black Currant Milkshake,3270
206,Black Forest Cake,4082
207,Black Forest Pastry,3394
208,Black Mojito,4903
209,Black Olive Salad,5005
210,Black Tea,3445
211,Blackcurrant Lassi,6839
212,Blackcurrant Milkshake,10245
213,Blackcurrant Mojito,6827
214,Blackcurrant Smoothie,6821
215,Blueberry Cheese Cake,9088
216,Blueberry Doughnut,5338
217,Blueberry Ice Tea,6885
218,Blueberry Milkshake,10246
219,Blueberry Mojito,6826
220,Blueberry Pastry,4167
221,Blueberry Smoothie,6820
222,Blueberry Waffle,7054
223,Boiled Banana,9352
224,Boiled Cassava,6308
225,Boiled Egg,3429 - 777 - 6357 - 8963 - 6354 - 4756
226,Boiled Peanut,4355
227,Boiled Peanut Sundal,6312
228,Boli,6299
229,Bombay Chicken Biryani,6236
230,Bombay Mixture,7283
231,Bombay Samosa,4231
232,Bombay Veg Biryani,6237
233,Bonda,3716
234,Bonda Chaat,3588
235,Bonda Soup,3513
236,Boodni Ladoo,9954
237,Boondi Phirni,4914
238,Borishali Chicken Thali,7497
239,Boti Masala,7285
240,Bottle Gourd Bajji,10247
241,Bottle Gourd Kheer,7250
242,Bread,5874 - 5944 - 5352 - 5947 - 5442 - 5445 - 5454 - 5490 - 3432 - 3433
243,Bread Bajji,828 - 6585
244,Bread Better Jam,5339
245,Bread Better Jam Toast,5341
246,Bread Butter,5340
247,Bread Butter Toast,5342
248,Bread Channa,7542
249,Bread Chat,7288
250,Bread Fry,4213
251,Bread Jam,5343
252,Bread Masala Dosa,7471
253,Bread Omelette,6730
254,Bread Pakoda,3625
255,Bread Pakora,993
256,Bread Pudding,10404
257,Bread Roll,3441
258,Bread Upma,7286
259,Brinjal Bajji,6588
260,Brioche,10221
261,Broccoli Soup,7290
262,Broken Wheat Poha,7291
263,Brown Garlic Tomato Rice,3209
264,Brown Onion Pulao,3215
265,Brownie,3407
266,Brownie Fantasy,5963
267,Brownie Shake,3281
268,Brownie Sundae,6865
269,Bubble Gum Mojito,7548
270,Bubble Tea,7292
271,Bubblegum Velvet Waffles,5996
272,Bulls Eye,4617
273,Bun Butter Gulkand,6883
274,Bun Butter Jam,5851
275,Bun Masala,7293
276,Bun Maska,4430
277,Bun Omelette,8215
278,Burger,6900
279,Buritto Veg,4586
280,Burnt Garlic Fried Rice,4573
281,Burnt Garlic Rice,6484
282,Butter,3191
283,Butter Appe,9931
284,Butter Chicken,6536
285,Butter Chicken Biryani,6776 - 6775
286,Butter Chicken Masala,4649 - 6718
287,Butter Croissant,3703
288,Butter Dosa,6165
289,Butter Kulcha,5891
290,Butter Masala Dosa,6180
291,Butter Milk,10526
292,Butter Naan,5345 - 6601 - 6716 - 6718
293,Butter Non,6510
294,Butter Paneer,6085
295,Butter Paneer Appe,9920 - 9929
296,Butter Plain Dosa,6181
297,Butter Roast Dosa,4737
298,Butter Roti,5890 - 6603
299,Butter Scotch Chocolate Waffle,7052
300,Butter Scotch Milkshake,3255
301,Butter Scotch Pastry,3396
302,Butter Tandoori Paratha,6507
303,Butter Tandoori Roti,5346
304,Buttermilk,3314
305,Butterscotch Ice Cream,6861
306,Butterscotch Lassi,6841
307,Butterscotch Muffin,5347
308,Butterscotch Smoothie,8875
309,Butterscotch Waffles,5991
310,Cabbage,3628 - 7294
311,Cabbage Bhajji,3630
312,Cafe Frappe,6993
313,Cake,4880
314,Cake Crumble Pie,3420
315,Cake Fudge,58
316,Calicut Chicken Curry,4646
317,Calicut Chicken Roast,6072
318,Candy Chicken,6305
319,Cane Juice,8881
320,Cannelloni,7230
321,Capsicum Bajji,7296
322,Capsicum Bhaji,6983
323,Capsicum Cheese Sandwich,5348
324,Capsicum Masala Dosa,6556
325,Capsicum Pulao,7297
326,Capsicum Rice,3202
327,Capsicum Rice Bath,7491
328,Caramel Brownie,5349
329,Caramel Sauce,9406
330,Carrot,7300 - 3292 - 6751
331,Carrot Cake,3422
332,Carrot Cherry Cake,7301
333,Carrot Corn Pulao,7298
334,Carrot Dosa,5932
335,Carrot Halwa,7439
336,Carrot Idli,7299
337,Carrot Juice,3283
338,Carrot Paratha,7302
339,Carrot Rice,907 - 7303 - 6572
340,Carrot Soup,7304
341,Carrot Utthappam,6171
342,Cashew Paneer Curry,8565
343,Cauliflower Masala Dosa,7470
344,Cereals,3656
345,Chaat,3562
346,Chai,4566
347,Chakuli,9579
348,Cham-Cham,9959
349,Chana Aloo Tikki,3572
350,Chana Chaat,3585
351,Chana Masala,7537
352,Chanar Jelabi,5779
353,Chanar Kalia Thali,7496
354,Chandrakala,4420
355,Channa,4782 - 5945
356,Channa Masala,6604 - 809 - 6605 - 6606 - 6607
357,Channa Masala Dosa,6555
358,Chapati,4214 - 760 - 6504 - 6286 - 6290
359,Char Grilled Lemon Chicken,3695
360,Chatpata Aloo Paratha,10309
361,Chatti Pathiri,4228
362,Cheela,5350
363,Cheese,3188 - 1017
364,Cheese Aloo Tikki,7093
365,Cheese Bread Omelette,4380
366,Cheese Chicken Meatball,5903
367,Cheese Chicken Momos,6899
368,Cheese Corn Nuggets,4404
369,Cheese Croissant,3704
370,Cheese Dosa,6153
371,Cheese Maggi,5351
372,Cheese Masala Dosa,6154
373,Cheese Masala Omelette,6917
374,Cheese Omelette,4384 - 5352
375,Cheese Onion Dosa,6146
376,Cheese Onion Paratha,10413
377,Cheese Paradilla,4584
378,Cheese Paratha,5353
379,Cheese Pasta,6951
380,Cheese Sandwich,5396
381,Cheese Sauce,3678 - 3674
382,Cheesy Fries,5860
383,Cheesy Paneer Tikka Wrap,5902
384,Chena Angoor,3362
385,Chena Payesh,3382
386,Chena Roll,3383
387,Chenna Masala,5938
388,Chennai Style Biryani,6777
389,Chettinad Chicken Dry,5354
390,Chettinad Chilly Chicken,6769
391,Chettinad Pepper Chicken Meals,6702
392,Chettinadu Masala Dosa,737
393,Chia Oats Pudding,10262
394,Chicken,4577 - 6521 - 6978 - 6770 - 4584 - 5379 - 5402 - 922 - 4438 - 9782 - 930 - 9776 - 5498 - 5503 - 6319 - 5531 - 9780 - 6489 - 5588 - 9781 - 9774 - 928 - 4579
395,Chicken 555,8543
396,Chicken 555 Biryani,8528
397,Chicken 65,4639 - 814 - 6424 - 6636 - 7524 - 6638 - 6637
398,Chicken 65 Biryani,4708
399,Chicken 65 Kebab,5355
400,Chicken Bhajji,3635
401,Chicken Bharta,6383
402,Chicken Biryani,3233 - 5094 - 4632 - 4633 - 6354 - 6355 - 6095 - 742 - 6636
403,Chicken Bonda,8074
404,Chicken Bun,6999
405,Chicken Burger,3598 - 4399 - 5885
406,Chicken Burnt Garlic Fried Rice,5309
407,Chicken Calzone,9960
408,Chicken Chaap,6385
409,Chicken Chap,6082
410,Chicken Cheese Balls,6739
411,Chicken Chettinad,5356 - 808 - 4415
412,Chicken Chettinad Biryani,6300
413,Chicken Chilli Dog,4589
414,Chicken Chilli Garlic Noodles,5357
415,Chicken Chilly,9823
416,Chicken Chopsuey,6912
417,Chicken Club Sandwich,6747
418,Chicken Coconut Fry,4626
419,Chicken Crispy,9827
420,Chicken Croissant,3708
421,Chicken Curry,7099 - 6503 - 5360 - 6394 - 6374 - 6373 - 7338 - 6059 - 6061 - 6705 - 6728 - 8051 - 6538 - 8044 - 8046 - 8045 - 8047 - 8039 - 8041 - 6715 - 6647 - 8040 - 8042 - 8034 - 6714 - 8038 - 789 - 4678 - 6193
422,Chicken Cutlet,6541
423,Chicken Dinner,10536
424,Chicken Do Piyaza,6384
425,Chicken Do Pyaza,6070
426,Chicken Donne Biryani,7305
427,Chicken Dosa,6147
428,Chicken Drumsticks,6304
429,Chicken Drumsticks Biryani,8531
430,Chicken Dum Biryani,5361 - 10420
431,Chicken Frankie,9822
432,Chicken Fried Idli,8043 - 8048
433,Chicken Fried Kebab,3647
434,Chicken Fried Momo,5294
435,Chicken Fried Rice,6431 - 3497
436,Chicken Fry,4625
437,Chicken Fry Biryani,5724 - 5737 - 10421
438,Chicken Garlic Finger,4143
439,Chicken Gravy,4697 - 4623 - 4696
440,Chicken Grill,7368 - 7367
441,Chicken Hakka Noodle,4560
442,Chicken Hakka Noodles,5362
443,Chicken Harabhara,9825
444,Chicken Hot Dog,3662
445,Chicken Hot Sour Soup,3522
446,Chicken In Bell Pepper Sauce,3687
447,Chicken In Chilli Basil Sauce,5363
448,Chicken In Chilli Oyster Sauce,5364
449,Chicken In Hot Garlic Sauce,5365
450,Chicken In Schezwan Sauce,5367
451,Chicken Kathi Roll,6301
452,Chicken Kebab Biryani,7284
453,Chicken Keema Dosa,7306
454,Chicken Keema Paratha,5946
455,Chicken Keema Pav,7307
456,Chicken Keema Puff,8820
457,Chicken Keema Samosa,6306
458,Chicken Kefte Tagine,3693
459,Chicken Kheema,7308
460,Chicken Kheema Pav,7014
461,Chicken Kofta Salad,3554
462,Chicken Kolapuri,7521
463,Chicken Kolhapuri,6071
464,Chicken Koliwada,9824
465,Chicken Korma,825 - 6074
466,Chicken Kosha,5766
467,Chicken Kothu Parotta,4471
468,Chicken Kotthu Parotta,6517
469,Chicken Kurma,6364
470,Chicken Kuska,7309
471,Chicken Kuska Biryani,7310
472,Chicken Lasagne,3702
473,Chicken Lemon Coriander Soup,3516
474,Chicken Liver Fry,6764
475,Chicken Lolipop,6641
476,Chicken Lollipop,6460
477,Chicken Lollipop Biryani,8525
478,Chicken Maggi,3357
479,Chicken Majestic,8544
480,Chicken Majestic Biryani,8529
481,Chicken Malai Tikka,7311
482,Chicken Manchow Fried Rice,5312
483,Chicken Manchow Soup,3521
484,Chicken Manchurian,4648 - 6456 - 6476 - 924
485,Chicken Manchurian Biryani,5010
486,Chicken Manchurian Dry,5372
487,Chicken Masala,6643
488,Chicken Masala Dosa,3721
489,Chicken Mirchi Bajji,8076
490,Chicken Momo,3503 - 5292 - 5291
491,Chicken Mughali Curry,8561
492,Chicken Mugulai,7522
493,Chicken Mulligatawny Soup,3515
494,Chicken Nanking Noodles,936
495,Chicken Navabi,7520
496,Chicken Noodles,3494
497,Chicken Nuggets,4399 - 4142
498,Chicken Omelette,4385
499,Chicken Oriental Salad,3555
500,Chicken Pakoda,8542 - 6361
501,Chicken Pakoda Biryani,8527
502,Chicken Palli Palayam,4647
503,Chicken Paniyaram,6737
504,Chicken Paratha,6756 - 4328
505,Chicken Paratha Roll,4478
506,Chicken Pasta,7210 - 3678 - 3679
507,Chicken Pasta With Pink Sauce,3680
508,Chicken Pasta With White Sauce,3677
509,Chicken Pathiri,4225
510,Chicken Patti Samosa,3631
511,Chicken Pepper Dry,5883
512,Chicken Pepper Fry,6642
513,Chicken Pepper Gravy,6362
514,Chicken Pepper Masala,7523
515,Chicken Piccata,3683
516,Chicken Pizza,6247
517,Chicken Podimas,8070
518,Chicken Popcorn,4141 - 6051
519,Chicken Puff,3711 - 951
520,Chicken Puffs,7525
521,Chicken Pulao,5373
522,Chicken Quesadilla,5771
523,Chicken Rezzala,6382
524,Chicken Rice Bowl,6658
525,Chicken Roast,6987
526,Chicken Roll,4235
527,Chicken Salad,3551
528,Chicken Salad Sandwich,4428
529,Chicken Salt And Pepper,6655
530,Chicken Samosa,3632 - 6742
531,Chicken Sandwich,3594 - 4477 - 4476
532,Chicken Satay,4576 - 4575
533,Chicken Schezwan Fried Rice,5310 - 6430
534,Chicken Schezwan Noodles,5311 - 937 - 6426
535,Chicken Seekh Kabab,7674
536,Chicken Shashlik,3691
537,Chicken Shawarma,5775
538,Chicken Shawarma Plate,7364
539,Chicken Singapore Noodles,5374
540,Chicken Starter,6405
541,Chicken Stew,4615 - 822 - 5943 - 6369
542,Chicken Strips,7314
543,Chicken Submarine,6783
544,Chicken Tandoori,6508
545,Chicken Tandoori Kebab,3639
546,Chicken Tangdi Biryani,5011
547,Chicken Tawa Kebab,3640
548,Chicken Teriyaki Salad,3556
549,Chicken Tikka,3714
550,Chicken Tikka Biryani,6134
551,Chicken Tikka Chaap,6386
552,Chicken Tikka Cheese Sandwich,4692
553,Chicken Tikka Croissant,8821
554,Chicken Tikka Grilled Roll,6975
555,Chicken Tikka Masala,8562
556,Chicken Tikka Mini Roll,8835
557,Chicken Tikka Pizza,4601
558,Chicken Tikka Salad,9032
559,Chicken Tikka Sandwich,4330
560,Chicken Tikka Semizza,5905
561,Chicken Vada,8077
562,Chicken Varattiyathu,4645
563,Chicken Wings,6772
564,Chicken Wrap,3666
565,Chicken Yakhni Biryani,7315
566,Chicken in Hunan Sauce,5366
567,Chikku Juice,3305
568,Chikoo Fruit Shake,3262
569,Chikoo Milk Shake,8882
570,Chili Chipotle Chicken,5900
571,Chilli,4198
572,Chilli Bhajji,3623
573,Chilli Cheese Maggi,5376
574,Chilli Cheese Sandwich,4762 - 9799
575,Chilli Cheese Toast,4196
576,Chilli Chicken,4624 - 812 - 933 - 6425
577,Chilli Chicken Biryani,8526
578,Chilli Chipotle Chicken,7316
579,Chilli Coriander Uthappam,6167
580,Chilli Corn Cheese Sandwich,4771
581,Chilli Garlic Egg Fried Rice,7233
582,Chilli Garlic Potato Bites,7214
583,Chilli Garlic Veg Fried Rice,7235
584,Chilli Gobi,4628
585,Chilli Idli,4324
586,Chilli Paneer,9010 - 8546
587,Chilli Paratha,5377
588,Chilli Prawns,8545
589,Chilly Babycorn,6475
590,Chilly Bajji,6586
591,Chilly Chicken,6457 - 6477
592,Chilly Egg,6463
593,Chilly Garlic Chicken Rice,6487
594,Chilly Garlic Noodles,6492 - 6494
595,Chilly Garlic Rice,6486
596,Chilly Idly,6626
597,Chilly Mushroom,6474
598,Chilly Paneer,6451
599,Chinese Non-Veg Chop Suey,7317
600,Chinese Non-Veg Meal,5379 - 5380 - 5381 - 5382
601,Chitrana Rice,7319
602,Choco Carnival Sundaes,4408
603,Choco Chip Brownie,7001
604,Choco Chip Fudgy Brownie,7002
605,Choco Flakes,6781
606,Choco Hazelnut Doughnut,4875
607,Choco Lava Cake,3416
608,Choco Truffle Cake,3399
609,Chocochip Brownie,5391
610,Chocochip Cake,3415
611,Chocoholic Waffles,5992
612,Chocolate,8765 - 9988
613,Chocolate Almond Doughnut,4861
614,Chocolate Ball,3405
615,Chocolate Bao,7759
616,Chocolate Barfi,9957
617,Chocolate Brownie,4331
618,Chocolate Bun Maska,5852
619,Chocolate Cake,5392 - 883
620,Chocolate Chip,9796
621,Chocolate Chips,9405
622,Chocolate Cream Cake,4079
623,Chocolate Croissant,3705
624,Chocolate Cupcake,3417
625,Chocolate Danish,10223
626,Chocolate Doughnut,8842 - 3404
627,Chocolate Dream Cake Doughnut,4869
628,Chocolate Frappe,6814
629,Chocolate Gateaux,5828
630,Chocolate Iced Glazed Doughnut,4867
631,Chocolate Iced Glazed Sprinkle Doughnut,4868
632,Chocolate Kit Kat Shake,9794
633,Chocolate Kulfi,6851
634,Chocolate Lassi,6840
635,Chocolate Milkshake,3256
636,Chocolate Momo,6893
637,Chocolate Mousse,4453
638,Chocolate Muffin,3725
639,Chocolate Pastry,3397 - 10200
640,Chocolate Pheni,7551
641,Chocolate Pudding,8764
642,Chocolate Sandwich,5861
643,Chocolate Sauce,9409 - 8189
644,Chocolate Shake,9798
645,Chocolate Smoothie,8873
646,Chocolate Soft clair,9997
647,Chocolate Softy,8188
648,Chocolate Thickshake,6855
649,Chocolate Walnut Brownie,5393
650,Chocolava,10202
651,Chole,6727 - 6733 - 3562 - 3353 - 3213
652,Chole Bhature,-1
653,Chole Biryani,10398
654,Chole Masala,861 - 6060
655,Chole Paneer,10321
656,Chow Chow Bath,4620
657,Chum Chum,3363
658,Churro Doughnut,4870
659,Chutney,3655 - 5396 - 10319 - 6551 - 10318 - 6106
660,Cinnamon Doughnut,5397
661,Cinnamon Roll,9990
662,Classic Doner Kebab,6525
663,Classic Doner Kebab Chicken,6546
664,Classic Donuts,5846
665,Classic Falooda,6829
666,Classic Maggi,4194
667,Classic Margherita Pizza,5895
668,Classic South Meals,757
669,Clear Chicken Soup,6502
670,Clubbed Chicken Tower Burger,7465
671,Coconut,3194
672,Coconut Barfi,5398
673,Coconut Kulfi,6852
674,Coconut Milk,5936
675,Coconut Rice,3195 - 904
676,Coffee,3442
677,Coffee Ice Cream,7625
678,Coffee Mocha Fantasy Cake,3728
679,Cold Coffee,4323 - 4407
680,Cold Coffee Milkshake,3253
681,Cold Horlicks Milk,3245
682,Coleslaw Sandwich,5399
683,Colombian Chocolate Cheese Cake,9983
684,Cone Cake,5836
685,Continental Chicken Soup,3657
686,Continental Non-Veg Meal,5402 - 5403 - 5405
687,Continental Non-Veg Packed Meal,5408
688,Cooker Mandi,10904
689,Cookies,5661 - 6004
690,Coriander Dosa,7321
691,Coriander Rice,7322
692,Corn Bread Omelette,4379
693,Corn Chaat,3586
694,Corn Cheese Momo,4374
695,Corn Cheese Sandwich,4770
696,Corn Flakes Chaat,3589
697,Corn Idli,7323
698,Corn Maggi,4193
699,Corn Masala Dosa,6182
700,Corn Mushroom Rice,6483
701,Corn Pasta Cheese Salad,3539
702,Corn Peanut Salad,3537
703,Corn Peas Biryani,5009
704,Corn Peas Salad,3538
705,Corn Potato Burger,7467
706,Corn Pulao,3216
707,Corn Sandwich,4769
708,Corn Spinach Cheese Sandwich,5413
709,Corn Spinach Parcel,5958 - 5965
710,Corn Spinach Sandwich,5414
711,Corn Utthappam,6172
712,Corn and Pepper Tossed Salad,3548
713,Corn and Spinach Cheese Sandwich,4685
714,Corn and Spinach Sandwich,4684
715,Cottage Cheese and Pepper Steaks,3698
716,Crab Omelette,4387
717,Cranberry Smoothie,6822
718,Cream Bun,4779
719,Cream Cheese Bagel with Chia Seeds,10227
720,Cream Chicken,4908
721,Cream Paneer,4909
722,Cream Roll,6248
723,Cream Waffle,6004
724,Creamy Chicken Sandwich,4688
725,Creamy Oreo Sundae,4369
726,Crispy Chicken,6303
727,Crispy Chicken Corn Dog,4588
728,Crispy Chilli Babycorn,5299
729,Crispy Chilli Pepper Corn,5415
730,Crispy Chilli Potato,5298 - 931 - 5416
731,Crispy Chilly Potato,6446
732,Crispy Mushroom,7326
733,Crispy Schezwan Vegetables,5417
734,Crunchy Taco Bowl,10039
735,Crunchy Taco Supreme Non Veg,9973
736,Crunchy Taco Supreme Veg,9968
737,Crunchy Wheat Taco,9977
738,Crushers,4409
739,Cucumber Dosa,7327
740,Cupcakes,8197
741,Curd,6604 - 3189 - 6605 - 6606 - 6607
742,Curd Rice,6636 - 4360 - 903 - 6574 - 6638 - 4699 - 6637 - 4698 - 738
743,Curd Vada,5682
744,Curry Leaf Dosa,7328
745,Curry Leaf Rice,7329
746,Curry Leaves Rice,5978 - 6573
747,Custard,3393
748,Custard Apple Milkshake,3271
749,Cut Fruits,7330
750,Cutlet,4706 - 6594 - 4707
751,Cutlet Chaat,3590 - 3563
752,Cutlet Chana,6982
753,Dabeli,7331
754,Dahi,3587
755,Dahi Bhalle Chaat,3564
756,Dahi Bhel Chaat,3565
757,Dahi Bhel Puri,7539
758,Dahi Kachodi,7543
759,Dahi Kachori,3575
760,Dahi Papdi Chaat,3566
761,Dahi Puri,6311 - 6596 - 6411
762,Dahi Sev Puri,3576
763,Dahi Vada,4356
764,Dakshini Pulao,3219
765,Dal,3488 - 4676
766,Dal Fry,740 - 785
767,Dal Kachori,4431
768,Dal Khichdi,7721
769,Dal Makhani,3490
770,Dal Pappu,3489
771,Dal Paratha,7085
772,Dal Pulao,3217
773,Dal Tadka,4653
774,Dal Vada,833
775,Danish Pastry,9991
776,Dark Chocolate,5988
777,Dark Chocolate Waffle,4407
778,Dark White Waffle,7056
779,Date Banana Walnut Cake,9994
780,Dates Milkshake,3266
781,Dates Pie,7334
782,Dates Walnut Cake,7333
783,Desi Butter Chicken,6286
784,Dhaba Rice,3207
785,Dhai,6421
786,Dhal,6614
787,Dhal Tadukan,6612
788,Dhokla,3636
789,Dhokla Sandwich,3637
790,Dilkush,4240
791,Dindigul Chicken Biryani,5424
792,Dindigul Egg Biryani,7335
793,Diwali Special Non Veg Meals,9946
794,Domino's Achari Do Pyaza Pizza,10112 - 10090
795,Domino's Al Fungi Gourmet Pizza,10449
796,Domino's Blazing Chicken Paprika Pizza,10429
797,Domino's Blazing Onion and Paprika Pizza,10113
798,Domino's Champaran Mutton Pizza,10441
799,Domino's Champaran Veg Pizza,10148 - 10127 - 10106
800,Domino's Cheese Volcano BBQ Chicken Pizza,10425
801,Domino's Cheese Volcano Blazing Chicken Pizza,10424
802,Domino's Cheese Volcano Chicken Delight Pizza,10422
803,Domino's Cheese Volcano Double Chicken Pizza,10423
804,Domino's Cheese Volcano Farm House Pizza,10442
805,Domino's Cheese Volcano Peppy Paneer Pizza,10443
806,Domino's Cheese Volcano Veggie Paradise Pizza,10444
807,Domino's Cheese and Corn Pizza,10138 - 10117 - 10096
808,Domino's Chicken Dominator Pizza,10434
809,Domino's Chicken Fiesta Pizza,10431
810,Domino's Chicken Golden Delight Pizza,10432
811,Domino's Chicken Keema Paratha Pizza,10428
812,Domino's Chicken Pepperoni Gourmet Pizza,10447
813,Domino's Chicken Pepperoni Pizza,10436
814,Domino's Chicken Sausage Pizza,10426
815,Domino's Corn Cheese Volcano Pizza,10445
816,Domino's Corn and Cheese Paratha Pizza,10091
817,Domino's Double Cheese Margherita Pizza,10115 - 10094
818,Domino's Farmhouse Pizza,10140 - 10098
819,Domino's Fiery Jalapeno and Paprika Pizza,10114
820,Domino's Fiery Sausage Paprika Pizza,10430
821,Domino's Indi Chicken Tikka Pizza,10437
822,Domino's Indi Tandoori Paneer Pizza,10144 - 10123 - 10102
823,Domino's Kosha Mangsho Pizza,10439
824,Domino's Kosha Veg Pizza,10146 - 10125 - 10104
825,Domino's Malai Chingri Pizza,10440
826,Domino's Mexican Green Wave Pizza,10120
827,Domino's Non Veg Supreme Pizza,10435
828,Domino's Paneer Malai Pizza,10126
829,Domino's Paneer Spice Supreme Pizza,10152 - 10131 - 10110
830,Domino's Pepper Barbeque Chicken Pizza,10427
831,Domino's Peppy Paneer Pizza,10139
832,Domino's Primavera Gourmet Pizza,10448
833,Domino's Smoked Chicken Gourmet Pizza,10446
834,Domino's Spiced Double Chicken Pizza,10433
835,Domino's The 4 Cheese Gourmet Pizza,10450
836,Domino's The 4 Cheese Pizza,10124
837,Domino's The 5 Feast Chicken Pizza,10438
838,Domino's Veg Extravaganza Pizza,10143 - 10122 - 10101
839,Domino's Veggie Buddies Pizza,10149 - 10128 - 10107
840,Domino's Veggie Fiesta Pizza,10109
841,Domino's Veggie Paradise Pizza,10142 - 10121 - 10100
842,Donne Egg Biryani,7336
843,Donne Mushroom Biryani,5089
844,Donne Veg Biryani,7337
845,Donut,43 - 10218
846,Donuts,10201
847,Dosa,3653 - 7339 - 7340 - 7338 - 7341 - 4744
848,Double Chicken Treat Semizza,5879
849,Double Chocolate Doughnut,4862
850,Double Chocolate Waffle,7055
851,Double Egg,4755
852,Double Ka Meetha,7342
853,Doughnut,4309
854,Dragon Chicken,4650 - 934
855,Dragon Chicken Biryani,8530
856,Dragon Gobi,4629
857,Dragon Milkshake,3272
858,Dragon Paneer,5297
859,Dragon Potato,6445 - 932
860,Dragon Style,922 - 7374
861,Dry Fruit Bhel Puri,7540
862,Dry Fruit Kulfi,4999
863,Dry Fruit Lassi,6844
864,Dry Fruit Sundae,6868
865,Dry Fruits Pulao,3223
866,Dryfruit Milkshake,6854
867,Dudhi Halva,3364
868,Dugga Dugga,9820
869,Dulce De Leche,6038
870,Dum Aloo Curry,5426
871,Dum Biriyani,6137
872,Dum Biriyani - Chicken,6131
873,Egg,758 - 10417 - 5380 - 5403 - 5408 - 7343 - 6089 - 5445 - 9791 - 5454 - 9773 - 5499 - 5504 - 7068 - 5532 - 5537 - 9778 - 6080 - 5584 - 5589 - 9777 - 9771
874,Egg Appam,6369
875,Egg Bajji,6110
876,Egg Bhurji,5939 - 4352 - 6208 - 4192 - 5947
877,Egg Biryani,6521 - 6324 - 692 - 3234 - 6094 - 6638
878,Egg Bonda,6735 - 3634
879,Egg Burger,6877
880,Egg Cheese Sandwich,4681
881,Egg Chicken,7074
882,Egg Chilli,5427
883,Egg Chilli Cheese Sandwich,4775
884,Egg Chilli Garlic Noodles,5428
885,Egg Chop,10658
886,Egg Club Cheese Sandwich,4777
887,Egg Club Sandwich,4776
888,Egg Corn Sandwich,4774
889,Egg Croissant,3707
890,Egg Curry,760 - 6504 - 826 - 4351 - 6395 - 6377 - 6378 - 4694 - 4365 - 6717 - 6649 - 4363 - 4364 - 6192
891,Egg Dinner,10537
892,Egg Dosa,4608 - 730
893,Egg Fatheera,6548
894,Egg Fried Rice,6405 - 3496 - 6406
895,Egg Hakka Noodles,5430
896,Egg Hot Dog,3661
897,Egg Kothu Parotta,5980
898,Egg Kotthu Parotta,6514
899,Egg Kuska Biryani,7344
900,Egg Lollipop,8066
901,Egg Maggi,3358
902,Egg Masala,4444 - 818 - 4651 - 4652 - 6646 - 6188 - 6190
903,Egg Masala Dosa,3720 - 734
904,Egg Masala Sandwich,5431
905,Egg Mayo Sandwich,4773
906,Egg Mushroom Roll,9113
907,Egg Noodles,6405 - 3493 - 6406
908,Egg Oriental Salad,3550
909,Egg Pakora,6734
910,Egg Paneer,9114
911,Egg Paniyaram,6741
912,Egg Paratha,9828 - 9829
913,Egg Podi Dosa,4748
914,Egg Puff,3710 - 950
915,Egg Rice Bowl,6660
916,Egg Roast,4614
917,Egg Roll,6978 - 4764 - 6977
918,Egg Salad,3549
919,Egg Sandwich,3595 - 4475 - 4474
920,Egg Schezwan Fried Rice,5432
921,Egg Schezwan Noodles,5433
922,Egg Singapore Noodles,5434
923,Egg Soup,7077
924,Egg Thali,5862
925,Egg Wrap,3665
926,Egga Masala Cheese Sandwich,5435
927,Eggless Cardamom Pistachio Cake,9911
928,Eggless Cupcakes,8198
929,Ela Ada,4219
930,Elaichi Chai Tea,6871
931,Elanchi,4206
932,Elayada,4469
933,Elayappam,6540
934,Ellu Kobbari Sadam,7345
935,Enna Pathiri,4245
936,Espresso,9142
937,Extra Cheese,6892
938,Extra Rice,7456
939,Extra Sweet,10400
940,Fajita Wrap,6027
941,Falafel,6998
942,Falafel Roll,6994
943,Falafel Vada,6997
944,Falooda,6846
945,Falooda Delight,6830
946,Fiery Hot Peri Peri Maggi,5856
947,Fig Milkshake,7564
948,Filter Coffee,5436
949,Fish,5381 - 5404 - 7374 - 5500 - 5533 - 5585 - 5590
950,Fish Biriyani,5881
951,Fish Biryani,4350
952,Fish Curry,8035 - 3437 - 786
953,Fish Dinner,10538
954,Fish Finger,4139
955,Fish Fried Kebab,3648
956,Fish Fry,6768 - 3435
957,Fish Fry Meals,6696
958,Fish Manchurian,7375
959,Fish Meals,6698
960,Fish Mulaku Curry,4642
961,Fish Omelette,4386
962,Fish Podimas,8073
963,Fish Polichathu,6955
964,Fish Poth Chori,6281
965,Fish Pulusu,5734
966,Fish Tandoori,3436
967,Fish Tandoori Kebab,3644
968,Fish Tawa Kebab,3641
969,Fish Thali,7124
970,Fish and Chips,9074
971,Flavoured Croissant,4905
972,Flavoured Lassi,8065
973,Flavoured Rice,5967 - 5966
974,Focaccia Bread,3731
975,Formaggio Pasta,4597
976,French Fries,5885 - 3668 - 6051 - 5884
977,French Toast,8212
978,French Vanilla Soft clair,9996
979,Fresh Lime Soda,6934
980,Fried Cheese Momo,6086
981,Fried Chicken Biriyani,6132
982,Fried Chicken Biryani,6107 - 6108
983,Fried Chicken Momo,5441
984,Fried Chicken Rice,6404
985,Fried Egg,6918 - 5442 - 3434
986,Fried Egg Pasta,6948
987,Fried Idli,8580
988,Fried Paneer Momo,5443
989,Fried Pav Bhaji,7536
990,Fried Rice,6400 - 925
991,Fried Veg Momo,5444
992,Fries,5858
993,Fruit Cake Slice,3409
994,Fruit Custard,3392
995,Fruit Custard Falooda,5092
996,Fruit Lassi,5930
997,Fruit Salad,7127 - 9777
998,Fruit Smoothie,6853
999,Fudgy Choconut,4346
1000,Gajar Halwa,3365
1001,Galangal Infused Thai Curry,10311
1002,Garden Fresh Veggie Pizza,5904
1003,Garden Veg,4346
1004,Garlic Bread,8836 - 3671 - 10315
1005,Garlic Butter Dosa,4738
1006,Garlic Cheese Toast,4198
1007,Garlic Chicken,824
1008,Garlic Chicken Wing,6093
1009,Garlic Fish Curry,819
1010,Garlic Pinwheel,5964
1011,Ghee Cookies,5660
1012,Ghee Dosa,732 - 6163
1013,Ghee Idli,6624
1014,Ghee Jeera Pulao,740
1015,Ghee Karam Dosa,6164 - 6177
1016,Ghee Laddu,5783
1017,Ghee Masala Dosa,5909
1018,Ghee Onion Dosa,4741
1019,Ghee Onion Podi Dosa,4743
1020,Ghee Onion Roast Dosa,4609
1021,Ghee Podi Dosa,4740
1022,Ghee Rice,3214 - 6534 - 6059 - 6061 - 10313
1023,Ghee Roast Dosa,4606
1024,Ghee Set Dosa,6174
1025,Ghee Vada,4211
1026,Ghoogni,7049
1027,Ghugni,4421
1028,Ginger Coffee,7247
1029,Ginger Elaichi Chai Tea,6873
1030,Ginger Rice,6485
1031,Ginger Soup,7300
1032,Ginger Chai Tea,4138
1033,Goan Fish Curry,9043
1034,Gobhi Paratha,5446
1035,Gobi 65,5097
1036,Gobi 65 Biryani,6099 - 5912
1037,Gobi Bhajji,3626
1038,Gobi Chili,5882
1039,Gobi Chilli Dry,5447
1040,Gobi Corn Dosa,7130
1041,Gobi Fried Rice,6580
1042,Gobi Manchurian,4630 - 6423 - 4701
1043,Gobi Masala,6618
1044,Gobi Mushroom Masala Dosa,7474
1045,Gobi Onion Paratha,7131
1046,Gobi Paratha,7132 - 6605
1047,Gobi Pepper Dry,7133
1048,Gobi Pepper Masala Dosa,7473
1049,Gobi Pulao,5449
1050,Gobi Pyaz Paratha,6757
1051,Gobindo Bhug Chaaler Payesh,5785
1052,Gol Bhajji,3621
1053,Golden Corn Pizza,7764
1054,Gongura Chicken,5450
1055,Gongura Chicken Biryani,5725
1056,Gongura Mutton Biryani,5731
1057,Gongura Veg Biryani,6125
1058,Gothamb Pradhaman,9498
1059,Grape Juice,10249
1060,Greek Farm House Salad,9782 - 9791 - 9792
1061,Greek Salad,9076
1062,Green Grapes Milkshake,7134
1063,Green Mirchi Chicken Biryani,5728
1064,Green Mirchi Mutton Biryani,5733
1065,Green Moong Dal,820
1066,Green Moong Usli,4437
1067,Green Moong Vada,3609
1068,Green Moongdal Masala Dosa,7135
1069,Green Peas Masala,6679
1070,Green Peas Masala Dosa,4747
1071,Green Peas Paratha,7136
1072,Green Peas Poha,7137
1073,Green Tea,3447
1074,Greens Salad,8963
1075,Grill Chicken Cheese Sandwich,5451
1076,Grill Chicken Sandwich,5452
1077,Grilled Chicken,6284 - 3700
1078,Grilled Chicken Cheese Sandwich,4691
1079,Grilled Chicken Salad,8964
1080,Grilled Chicken Sandwich,4690
1081,Grilled Fish Salad,9033
1082,Ground Nut,6203
1083,Guacamole,7139
1084,Guava,3529
1085,Guava Juice,4780
1086,Guava Milk Shake,7140
1087,Guava Mojito,7631
1088,Gud Bud Sundae,6869
1089,Gud Chai Tea,4568
1090,Gud Kesar Chai Tea,4553
1091,Gujiya,10240
1092,Gulab Jamun,6202 - 3366
1093,Gulkand Lassi,7141
1094,Gun Chicken,6766
1095,Gup Chup Chat,6979
1096,Gurer Talas,10530
1097,Habanero Burrito,9974 - 9969
1098,Hakka Noodles,6495 - 6403 - 6398 - 930 - 929
1099,Half Fry Egg,5453
1100,Halwa,8200
1101,Harayali Chicken Tikka,7142
1102,Hare Mutter Paneer Ke Kofte,10308
1103,Haryali Kebab,5455
1104,Hash Brown Short Balls,6996
1105,Hawaiian Salad,9776 - 9773 - 9787 - 9772
1106,Hazelnut Coffee,-1
1107,Hazelnut Milk Shake,3264
1108,Hazelnut Soft clair,9995
1109,Healthy Ragi Malt,3327
1110,Heart Shape Pan Cake,9925
1111,Heerekai Bajji,7143
1112,Homemade Chocolates,5829
1113,Honey,7262 - 3672
1114,Honey Almond Cake,3403
1115,Honey Almond Tart,7145
1116,Honey Cake,3424
1117,Honey Chilly Cauliflower,6453
1118,Honey Lemon Chicken,5303
1119,Hong Kong Chicken Fried Rice,8560
1120,Horse Mackerel Fry Fish,8757
1121,Hot And Sour Chicken Soup,6500
1122,Hot And Sour Soup,6498
1123,Hot Chocolate,3240
1124,Hot Chocolate Sundae,6864
1125,Hot Garlic Sauce,5627
1126,Hot Horlicks,3241
1127,Hot Sour Pepper Chicken Soup,5285
1128,Hot Sour Pepper Veg Soup,5283
1129,Hyderabadi Chicken Biryani,6136 - 5456
1130,Hyderabadi Chicken Curry,8563
1131,Hyderabadi Chicken Dum Biryani,5457
1132,Hyderabadi Egg Biryani,7147
1133,Hyderabadi Mutton Biryani,5458
1134,Hyderabadi Mutton Dum Biryani,5459
1135,Hyderabadi Paneer Biryani,5460
1136,Hyderabadi Paneer Dum Biryani,5461
1137,Hyderabadi Veg Biryani,5462
1138,Hyderabadi Veg Dum Biryani,5463
1139,INVALID RESPONSE LLM,1076
1140,Ice Coffee,9799
1141,Ice Cream,7001 - 7330 - 7127 - 8569 - 4404 - 4402 - 6952
1142,Ice Cream Milkshake,8202
1143,Ice Cream Waffle Cone,4396
1144,Ice Popsicle,8209
1145,Iced Tea,6254
1146,Idiappam,6364
1147,Idiyappam,6961 - 6705 - 4694 - 6759 - 4695 - 5936 - 1070
1148,Idli,745 - 744 - 3651 - 1308 - 724 - 723 - 4456 - 4454 - 3330 - 7150 - 3332 - 10319 - 546 - 6561 - 6566 - 6567 - 6551
1149,Idli Manchurian,7148
1150,Idli Soup,7149
1151,Idly,6728
1152,Idyappam,6565
1153,Ilish Begun Bori Jhol,6121 - 6117
1154,Ilish Bhapa,6115 - 6119
1155,Ilish Paturi,6122 - 6118
1156,Imarti,9958
1157,Indian Lentil Soup,7151
1158,Indian Meal Bowl,4850
1159,Indonesian Noodles,6399
1160,Indori Poha,5464
1161,Irachi Pathiri,4229
1162,Irish Frappe,6813
1163,Italian Pasta,6949
1164,Jack Fruit Fry Biryani,5723
1165,Jack Fruit Pulao,6196
1166,Jackfruit Milkshake,7154
1167,Jaggery Coffee,7155
1168,Jaggery Chai Tea,4732
1169,Jal Jeera,3319
1170,Jalapeno Pizza,5965 - 5961
1171,Jalebi,4238 - 3384 - 3367
1172,Jam Bun,4778
1173,Jam Maska Bun,5465
1174,Jam Roll,4239
1175,Jangiri,7565
1176,Jeera,6202
1177,Jeera Aloo Dry,5466
1178,Jeera Masala Soda,6944
1179,Jeera Rice,3210 - 6536 - 10314
1180,Jeera Samba Chicken Biryani,10173
1181,Jeera Soda,6676
1182,Jhakkas Jamun,463
1183,Jharkand Khicadi,791
1184,Jhula Gur,10529
1185,Jigarthanda,8056
1186,Jola Akki Dosa,7156
1187,Joy Nagar Moa,10532
1188,Juice,4953
1189,Kacha Cheese Sandwich,6417
1190,Kacha Sandwich,6416
1191,Kachauri,6780
1192,Kachche Gosht Ki Biryani,10172
1193,Kachori,4137
1194,Kachori Chaat,3567
1195,Kadai Chicken,4655
1196,Kadai Paneer,817
1197,Kadai Veg,6063
1198,Kadala,4244 - 4616
1199,Kadala Curry,7100 - 7339 - 6759 - 6956 - 6758 - 7163
1200,Kadalacurry,776
1201,Kadalai Curry,1070
1202,Kadhai Chicken,5467
1203,Kadhai Doodh,3243
1204,Kadhai Paneer,5468
1205,Kadhi Chawal,7158
1206,Kahwa Kesari,4569
1207,Kai Holige,7160
1208,Kaipola,4227
1209,Kaju Katli,5469
1210,Kakka Roast,6056
1211,Kal Dosa,548 - 4455 - 6562 - 6758 - 4697 - 4554
1212,Kala Jamun,3368
1213,Kalakand,3369
1214,Kali Dosa,4610
1215,Kanchipuram Idli,10317
1216,Kanji,4669
1217,Kappa,4205
1218,Kappa Biriyani,4611
1219,Kappa Puzhukku,4224
1220,Kara Pori,6297
1221,Kara Sev,6206
1222,Karamani,5658
1223,Karampodi Dosa,6150
1224,Karampodi Masala Dosa,6151
1225,Karela Bhaji,3627
1226,Karimeen Fry,6057
1227,Kathal Biryani,5470
1228,Kathal Dum Biryani,5471
1229,Katori Chaat,3568
1230,Kaya Bajji,6109
1231,Kazhi,8051 - 8052
1232,Keema Balls,7161
1233,Keema Samosa,3633
1234,Keera Kootu,810
1235,Keera Rice,4699
1236,Keera Vada,834
1237,Keerai Vada,3610 - 6592
1238,Kerala Chicken Biryani,5472
1239,Kerala Chicken Dum Biryani,5473
1240,Kerala Chicken Meal,6963
1241,Kerala Egg Biryani,7173
1242,Kerala Fish Biryani,7174
1243,Kerala Fish Curry,6287
1244,Kerala Fish Meal,6964
1245,Kerala Mutton Biryani,5474
1246,Kerala Mutton Dum Biryani,5475
1247,Kerala Non Veg Thali,6280
1248,Kerala Paratha,4641 - 7163 - 6535 - 6538
1249,Kerala Parotta,6285
1250,Kerala Veg Meal,6962
1251,Kerala Veg Thali,6279
1252,Kesar Badam Lassi,6842
1253,Kesar Badam Milk,6874
1254,Kesar Bhog,7015
1255,Kesar Falooda,6848
1256,Kesar Peda,3385
1257,Kesar Pista,4854
1258,Kesar Pista Kulfi,4998
1259,Kesar Pista Lassi,5928
1260,Kesar Pista Phirni,7083
1261,Kesari Bath,3389
1262,Kesari Chai Tea,4567
1263,Khaja,10406
1264,Khandvi,3638
1265,Khao Suey With Vegetables,4580
1266,Khaosuey,4577
1267,Khara Bath,4619
1268,Khara Boondhi,10260
1269,Kheer Bati,5788
1270,Kheer Kadam,5782
1271,Khichdi,4621
1272,Khus Ka Sherbet,3320
1273,Kilimeen Fry,7556
1274,Kimchi Fried Rice,4574 - 4576
1275,Kinnathappam,6835
1276,Kinoo Juice,3299
1277,Kirni Juice,1171
1278,Kit Kat Milkshake,6817
1279,Kit Kat Peanut Butter Shake,7165
1280,Kitkat Milkshake,6926
1281,Kitkat Waffle,6001
1282,Kiwi Fruit Milkshake,7166
1283,Kiwi Lassi,4394
1284,Kiwi Pastry,4879
1285,Kizhangu,4247
1286,Kizhi Biriyani,6135 - 6142 - 6141 - 6130
1287,Kodubale,10253 - 866
1288,Kokum Sharbat,3321
1289,Kola Urundai,4136
1290,Kola Vada,6773
1291,Koli Saru,9044
1292,Kolkata Chicken Biryani,5476
1293,Kolkata Chicken Dum Biryani,5477
1294,Kolkata Egg Biryani,5091
1295,Kolkata Mutton Biryani,5478
1296,Kolkata Mutton Dum Biryani,5479
1297,Kolukattai,7000
1298,Kootu,6390
1299,Koozhu,8062
1300,Kothu Parotta,7168
1301,Kotthimera Chicken Dum Biryani,5913
1302,Kozhi Ada,4226
1303,Kozhi Kari Soru,6639 - 762
1304,Kozhi Vadai,6767
1305,Kozhi Varutha Curry,813
1306,Kozhukatta,4242
1307,Kozhukkatta,4218
1308,Krunchy Choco Custard Doughnut,4876
1309,Kuboos,7366
1310,Kulfi,7171
1311,Kulfi Falooda,6847
1312,Kulfi Milkshake,6927
1313,Kung Pao Chicken,6479
1314,Kungpao Cauliflower,6469
1315,Kurkure Chatpata Cheese Namkeen,2320 - 2317
1316,Kurkure Cheese Momo,6088
1317,Kurkure Veg Momo,6087
1318,Kurma,749 - 748 - 6608 - 6565 - 6610
1319,Kuska Biryani,6356
1320,Kuttu Parotta,4623
1321,Lachha Paratha,5132
1322,Lactose Free Milk,4910
1323,Laddu,4236
1324,Lassi,3315
1325,Latte,4086
1326,Lauer Payesh,5786
1327,Lazeez Bhuna Chicken Biryani,6989
1328,Lazeez Chicken Dum Biryani,1573
1329,Lazy Daisy Cake,6037
1330,Leaf Plate,8081
1331,Lebanese Chicken Sandwich,7007
1332,Lebanese Shawarma,6542
1333,Lemon,8878 - 10175
1334,Lemon Chicken,6480
1335,Lemon Chicken Dry,5480
1336,Lemon Honey Chai Tea,9793
1337,Lemon Ice Tea,4449
1338,Lemon Juice,6722
1339,Lemon Masala,8880
1340,Lemon Rice,3203 - 4365 - 10318 - 6571 - 902
1341,Lemon Semiya,7172
1342,Lemon Sevai,862
1343,Lemon Sherbet,7188
1344,Lemon Soda,7546 - 4406
1345,Lemon Tea,3446
1346,Lemony Orange Soda,5885
1347,Lime,8957
1348,Lime Dew,5026
1349,Lobia Pulao,3220
1350,Lobia Vada,3611
1351,Lobster Omelette,4388
1352,Lollipop Chicken,5300
1353,Lotus Biscoff,9408
1354,Lotus Cheese Cake,9982
1355,Luchi,4421 - 5867
1356,Lucknowi Chicken Biryani,5481
1357,Lucknowi Chicken Dum Biryani,5482
1358,Lucknowi Mutton Biryani,5483
1359,Lucknowi Mutton Dum Biryani,5484
1360,Lucknowi Paneer Biryani,5485
1361,Lucknowi Paneer Dum Biryani,5486
1362,Lucknowi Veg Biryani,5487
1363,Lucknowi Veg Dum Biryani,5488
1364,Lychee Juice,6856
1365,Lychee Lassi,6947
1366,Lychee Milkshake,6924
1367,Lychee Soda,6936
1368,M Dew,92
1369,Mac Cheese Pasta,4405
1370,Macaroni Salad,3534
1371,Mackerel Fish Fry,8750 - 8746
1372,Maddur Vada,3606
1373,Madurai Jigarthanda,6295
1374,Maggi,5666 - 4192 - 83
1375,Maggi Fries,5855
1376,Maggi Manchurian,5665
1377,Maggie,9918 - 9927
1378,Makka Cholam,6310
1379,Malabar Cake,4252
1380,Malabar Chicken Curry,6073
1381,Malabar Egg Roast,6958
1382,Malabar Fish Curry,6054
1383,Malabar Parotta,8883
1384,Malabar Stew,6957
1385,Malabar Trevally Fish Fry,8754
1386,Malai,4856
1387,Malai Cham Cham,3386
1388,Malai Chicken,9826
1389,Malai Kulfi,4996
1390,Malai Sandwich,3370
1391,Malaysian Curry Mee Chicken,4578
1392,Malaysian Curry Mee With Vegetables,4581
1393,Malpoa,5789
1394,Malpua,3388
1395,Manchow Chicken Soup,6501
1396,Manchurian,923 - 752 - 754 - 750
1397,Mangalore Bajji,7175
1398,Mangalore Bonda,7176 - 6984
1399,Mangalore Bun,7177
1400,Mango Avocado Milkshake,6928
1401,Mango Cake,3402
1402,Mango Chicken Biryani,5914
1403,Mango Custard Falooda,5093
1404,Mango Dosa,7178
1405,Mango Gateaux,9359
1406,Mango Icecream,6860
1407,Mango Juice,3300
1408,Mango Lassi,4390
1409,Mango Malai,4855
1410,Mango Malai Kulfi,4997
1411,Mango Masti Doughnut,4865
1412,Mango Milkshake,3279
1413,Mango Mojito,6889
1414,Mango Mousse,4166
1415,Mango Pastry,4168
1416,Mango Pheni,7553
1417,Mango Rice,3204 - 908
1418,Mango Rice Bowl,4987
1419,Mango Rosogolla,5790
1420,Mango Salad,5108
1421,Mango Seer Fish Curry,6704
1422,Mango Smoothie,6818
1423,Mango Trifle,7346
1424,Marble Cake,8765
1425,Marble Fruit Cake,8766
1426,Margherita,4599
1427,Margherita Cheese Pizza,4404
1428,Margherita Pizza,5964 - 4968
1429,Masala,9579
1430,Masala Bonda,4207
1431,Masala Chaat,5872
1432,Masala Chai Tea,4318
1433,Masala Cheese Sandwich,7544
1434,Masala Chicken Tikka Wrap,5877
1435,Masala Corn,7347
1436,Masala Dosa,547 - 6145
1437,Masala Egg Curry,8564
1438,Masala Fried Fish,6344 - 811
1439,Masala Gobi Pulao,3230
1440,Masala Idli,5489
1441,Masala Jeera Soda,5884
1442,Masala Kurma Raitha,6609
1443,Masala Maggie,5664
1444,Masala Omelette,4383 - 5490
1445,Masala Paapad,6731
1446,Masala Paneer Tikka Wrap,5876
1447,Masala Podi Dosa,4749
1448,Masala Puri,3577
1449,Masala Rice,3197
1450,Masala Shikanji,4319
1451,Masala Tea,6872
1452,Masala Uthappam,6560
1453,Masala Uttapam,6256
1454,Masala Uttappam,6166
1455,Masala Vada,3607 - 771 - 6584
1456,Mashed Potato,3669
1457,Mathri,10216
1458,Mattar Mushroom,10314
1459,Mattra Kulcha,5491
1460,Mayo Bread Omelette,4378
1461,Mayo Cheese Bread Omelette,4382
1462,Mayo Chicken Sandwich,7348
1463,Mayo Mushroom Sandwich,5493
1464,Mayo Veg Sandwich,4402
1465,Mayonnaise Sandwich,5494
1466,Mayonnaise Veg Sandwich,5495
1467,Meat Bun,7004
1468,Meat Cutlet,4233
1469,Meat Samosa,4232
1470,Medhu Vada,745 - 744 - 6583
1471,Mediterranean Grilled Egg,9779
1472,Mediterranean Grilled Salad,9789
1473,Mediterranean Style Chicken,3685
1474,Medu Vada,3608 - 725
1475,Melted Cheese Quesadilla,9976 - 9971
1476,Meram Chicken Masala Dosa,8049
1477,Meram Egg Masala Rice,8050
1478,Meram Mixed Chicken Kuzhambu Rice,8053
1479,Meram Mixed Fish Kuzhambu,8055
1480,Meram Mixed Mutton Kuzhambu Rice,8054
1481,Meram Onion Rava,8044
1482,Meram Onion Uthappam,8046
1483,Meram Podi Onion Rava,8045
1484,Meram Podi Onion Uthappam,8047
1485,Meram Spicy Butter Milk,8057
1486,Methi Aloo Paratha,7349
1487,Methi Dosa,7350
1488,Methi Muthiya Nu Shaak,10312
1489,Methi Pulao,3221
1490,Mexican Cheese Sandwich,7352
1491,Mexican Fries,4402
1492,Mexican Non-Veg Meal,5498 - 5499 - 5500 - 5501
1493,Mexican Non-Veg Packed Meal,5503 - 5504
1494,Mexican Paneer,5899
1495,Mexican Pizza,6891
1496,Mexican Quesadilla Wrap,6026
1497,Mexican Rice,3208
1498,Mexican Roll,4346
1499,Mexican Salad,3541
1500,Mexican Soup,7351
1501,Milk,3656 - 3247 - 446 - 7058
1502,Milk Cake,4427
1503,Milk Chocolate Waffle,4407
1504,Milk Peda,3390
1505,Milkshake,8201
1506,Milky Milk Chocolate Waffle,7051
1507,Milky Mist Mango Lassi,278
1508,Millet,8915 - 9993
1509,Millet Bisi Bele Bhath,7353
1510,Millet Dosa,6149
1511,Millet High Protine Kichidi,8914
1512,Millet Idli,10304
1513,Millet Lemon Rice,3205
1514,Millet Pesarattu,7354
1515,Millet Poha,7355
1516,Minestrone Soup,7356
1517,Mini Cup Cake,10001
1518,Mini Egg Thali,6323
1519,Mini Idli,5509 - 6623
1520,Mini Non - Veg Thali,6322
1521,Mini Samosa,5655
1522,Mini Veg Thali,4335
1523,Mini Veg Uthappam,7012
1524,Mint Chicken,6078
1525,Mint Dosa,4746
1526,Mint Leaves,8878
1527,Mint Lime Juice,4405
1528,Mint Masala Dosa,10414
1529,Mint Oreo Shake,9797
1530,Mint Puff,5654
1531,Mint Rice,3199 - 756
1532,Mint Tea,7624
1533,Mirchi Bajji,7268
1534,Mirchi Bhaji,8888
1535,Misal Pav,3334 - 9139
1536,Mix Leafy Salad,9785
1537,Mix Non-Veg Fried Rice,6081
1538,Mix Veg Bajji,830
1539,Mix Veg Biryani,6138
1540,Mix Veg Curry,6537
1541,Mix Veg Idli,7358
1542,Mix Veg Kuruma,4700
1543,Mix Veg Paratha,4327
1544,Mix Veg Poha,7359
1545,Mix Veg Spl Salad,5006
1546,Mix Veg Uttappam,7357
1547,Mix Vegetable Idli,10306
1548,Mixberry Mojito,7630
1549,Mixed Fruit Bowl,6952
1550,Mixed Fruit Milk Shake,3273
1551,Mixed Veg Biryani,10418
1552,Mixed Veg Tagine,3692
1553,Mixed Vegetable Bhaji,3622
1554,Mixed Vegetable Toast,4197
1555,Mixture,6205
1556,Mochar Chop,7053
1557,Modak,3371
1558,Mohana Ada,4250
1559,Mohingo,7068
1560,Mohingo Chicken,7069
1561,Mohingo Egg Chicken,7070
1562,Mohingo Veg,7067
1563,Mojito,8571 - 4403
1564,Mom Makhana Chaat,2506
1565,Momo,6895
1566,Moms Magic Fruit,446
1567,Mooli Onion Paratha,7361
1568,Mooli Paratha,5973
1569,Moonfils Cheese Tandoori,1679
1570,Moong Chaat,3569
1571,Moong Dal,6706
1572,Moong Dal Bhajji,3618
1573,Moong Dal Cheela,7281
1574,Moong Dal Chilla,9039
1575,Moong Dal Paratha,7362
1576,Moringa,820
1577,Moroccan Cake,9992
1578,Moti Biryani,5088
1579,Moti Pulao,3224
1580,Motichur Laddu,3372
1581,Mousse,8584
1582,Mudakathan Dosa,7011
1583,Muesli,7058
1584,Mughlai Chicken,6079
1585,Mulli Paratha,6606
1586,Mulligatawny Soup,3512
1587,Multigrain Dosa,4483
1588,Multigrain Subs,4989
1589,Mumbai Cheese Sandwich,6414
1590,Mumbai Falooda,5869
1591,Mumbai Sandwich,6412
1592,Mumbai Veg Cheese Sandwich,4683
1593,Mumbai Veg Sandwich,4682
1594,Murgh Makhani,6381
1595,Murukku,5510 - 9579
1596,Mushroom 65,8555
1597,Mushroom Biryani,6139 - 8540
1598,Mushroom Butter Masala,4744
1599,Mushroom Cheese Maggi,5511
1600,Mushroom Cheese Sandwich,5512
1601,Mushroom Chili,6342
1602,Mushroom Chilli,8558
1603,Mushroom Dosa,4733 - 736
1604,Mushroom Fried Rice,5513 - 752 - 751
1605,Mushroom Maggi,5514
1606,Mushroom Manchuria,8559
1607,Mushroom Manchurian,8556
1608,Mushroom Masala Dosa,7468
1609,Mushroom Nihari,5689
1610,Mushroom Noodles,10299
1611,Mushroom Pepper Fry,6052
1612,Mushroom Popcorn,7219
1613,Mushroom Puff,5652
1614,Mushroom Pulao,5515
1615,Mushroom Rice,5516
1616,Mushroom Roll,9112
1617,Mushroom Sandwich,4759
1618,Mushroom Soup,7179
1619,Muskmelon Milkshake,3267
1620,Mutter Paneer,6622
1621,Mutter Paneer Masala Dosa,7472
1622,Mutter Paneer Thali,7084
1623,Mutton,5382 - 5405 - 5501
1624,Mutton Biryani,5425 - 4349 - 6637
1625,Mutton Comb,6113
1626,Mutton Curry,8052 - 6648
1627,Mutton Dum Biryani,5521
1628,Mutton Fried Kebab,3649
1629,Mutton Fry Biryani,5730
1630,Mutton Gravy,7061
1631,Mutton Haleem,7180
1632,Mutton Kari Soru,6640
1633,Mutton Keema Biryani,7182
1634,Mutton Kheema Samosa,6736
1635,Mutton Kola,6765
1636,Mutton Kola Meals,6700
1637,Mutton Kolambu Meals,6697
1638,Mutton Korma,6760
1639,Mutton Masala,6645
1640,Mutton Masala Dosa,8037
1641,Mutton Nombu Kanji,8183
1642,Mutton Pepper Fry,6644 - 815
1643,Mutton Podimas,8072
1644,Mutton Pulao,5522
1645,Mutton Samosa,8075
1646,Mutton Sukka,6763
1647,Mutton Sukka Meals,6701 - 6703
1648,Mutton Tandoori Kebab,3645
1649,Mutton Tawa Kebab,3642
1650,Mutton Thali,6372
1651,Mysore Bajji,5969
1652,Mysore Bonda,7184 - 6593
1653,Mysore Masala Dosa,6175
1654,Mysore Pak,3373
1655,Naan,5523
1656,Nachos,4908 - 4909 - 9979
1657,Nadan Chicken Curry,4644
1658,Nannari Sarbath,4376
1659,Nasi Goreng,4575
1660,Natti Chicken Kebab,5524
1661,Nattukozhi Fry,6761
1662,Needle Fish Fry,8749
1663,Neelgiri Chicken Curry,6076
1664,Neer Dosa,6972
1665,Neer Majjige,8058
1666,Neverno Battered Fish Fry,9244
1667,Neverno Traditional Fish Fry,9242
1668,Neyyappam,4249
1669,Nippattu,5525
1670,Nippattu Masala,7189
1671,Non Veg Bao,7758
1672,Non Veg Burger,8583
1673,Non Veg Calzone,8577
1674,Non Veg Crackers,8573
1675,Non Veg Momo,7190
1676,Non-Veg Momo,6900 - 6902
1677,Non-Veg Momo Platter,6904
1678,Non-Veg Special Momos,6901
1679,Nonveg Curry,6191 - 6189
1680,Noodles,6489
1681,North Indian Chicken Gravy,3486
1682,North Indian Chicken Thali,3460
1683,North Indian Fish Thali,3464
1684,North Indian Non-Veg Meal,5531 - 5532 - 5533
1685,North Indian Non-Veg Packed Meal,5537
1686,North Indian Paneer Thali,3342
1687,North Indian Veg Kadai,6837
1688,North Indian Veg Thali,3340
1689,Nutella,9404 - 9988
1690,Nutella Sandwich,7545
1691,Nutella Soft clair,9998
1692,Nuttella Doughnut,8844
1693,Nutty Delight Cold Stone Ice Cream,4408
1694,Nutty Nutella Waffles,5997
1695,Oat Meal,9783
1696,Oats Dosa,7192
1697,Oats Idli,10303
1698,Oats With Milk,7057
1699,Octopus Biriyani,6128
1700,Omelette,3430 - 4223 - 4220 - 4222 - 4221 - 7194 - 3432 - 6832 - 4754
1701,Omelette Grilled Sandwich,6932
1702,Onam Sadhya,6347 - 6348 - 6349 - 6350
1703,Onion Bajji,6587 - 827
1704,Onion Bhajji,3628 - 3619
1705,Onion Bonda,7195
1706,Onion Cheese Sandwich,5543
1707,Onion Cholam Dosai,4485
1708,Onion Dosa,4612 - 731
1709,Onion Egg Dosa,6187
1710,Onion Ghee Rice,3211
1711,Onion Kachori Chaat,3592
1712,Onion Masala Dosa,4750
1713,Onion Pakoda,7294 - 4215
1714,Onion Paratha,5544
1715,Onion Pepper Pizza,5960
1716,Onion Podi Dosa,4739
1717,Onion Quesadilla,5772
1718,Onion Raagi Dosa,6631
1719,Onion Ragi Dosa,4484
1720,Onion Rava Dosa,6178
1721,Onion Rawa Dosa,6161
1722,Onion Samosa,3601
1723,Onion Set Dosa,6186
1724,Onion Uthappam,6558 - 8041
1725,Onion Uttapam,4461
1726,Onion Wheat Dosa,6632
1727,Open Chicken Sandwich,3600
1728,Open Dosa,7196
1729,Open Masala Dosa,7197
1730,Open Veg Sandwich,3599
1731,Option,757
1732,Orange,8957
1733,Orange Juice,3288
1734,Orange Mojito,6824
1735,Orange Tea Cake,7199
1736,Oreo,9411
1737,Oreo Milk Shake,4439
1738,Oreo Shake,3259
1739,Oreo Waffle,6000
1740,Oriental Chicken,3499
1741,Oriental Paneer,3504
1742,Oriental Soup,6651
1743,Ortolana Pizza,4600
1744,Oyster Chicken,6481
1745,Oyster Chilly Chicken,6458
1746,PB Lassi,6674
1747,Paan Lassi,6843
1748,Paapad,6732
1749,Pabda Macher Thali,7493
1750,Paddu,4590
1751,Pain Au Chocolate,5027
1752,Pakkavada,4470
1753,Pakoda,4591
1754,Palak,6614
1755,Palak Aloo Paratha,7203
1756,Palak Bajji,831
1757,Palak Bhajji,3620
1758,Palak Chicken,6077
1759,Palak Dosa,7202
1760,Palak Paneer,5545
1761,Palak Paneer Biryani,8541
1762,Palak Paneer Dosa,6183
1763,Palak Puri,6905
1764,Palak Rice,3206
1765,Palak Set Dosa,10415
1766,Palak Vada,3612
1767,Palamuri Chicken Biryani,5729
1768,Pancakes,5970 - 6729
1769,Panakkam,3323
1770,Paneer,6141
1771,Paneer 555,8548
1772,Paneer 555 Biryani,8535
1773,Paneer 65,6908
1774,Paneer 65 Biryani,7205
1775,Paneer Achari Tikka,8550
1776,Paneer Achari Tikka Biryani,8538
1777,Paneer Amritsari,8554
1778,Paneer Appe,9931 - 9919 - 9928
1779,Paneer Bhaji,3629
1780,Paneer Biriyani,5880
1781,Paneer Biryani,3236 - 8540 - 6140 - 6988
1782,Paneer Bread Omelette,4381
1783,Paneer Bread Pakoda,4429
1784,Paneer Bun,7206
1785,Paneer Burger,3597
1786,Paneer Butter Masala,6716 - 5975 - 6621 - 6513
1787,Paneer Butter Masala Sandwich,4400
1788,Paneer Cashew Biryani,5690
1789,Paneer Cheese Sandwich,4772
1790,Paneer Chilli,5546
1791,Paneer Corn Masala,7208
1792,Paneer Crackers,4134
1793,Paneer Curry,6397 - 6375 - 4677 - 6194
1794,Paneer Curry Paratha,6376
1795,Paneer Dosa,4734
1796,Paneer Dry,3492
1797,Paneer Dum Biryani,5548
1798,Paneer Fried Rice,5549 - 754 - 753 - 6581
1799,Paneer Ghee Roast,8553
1800,Paneer Gravy,3491
1801,Paneer Hot Dog,3660
1802,Paneer Jhalfrezi,9040
1803,Paneer Kofta,6083
1804,Paneer Lababdar,5550
1805,Paneer Maggi,5857
1806,Paneer Majestic,8547
1807,Paneer Majestic Biryani,8534
1808,Paneer Makhani,4654 - 807
1809,Paneer Malai Tikka,8551
1810,Paneer Malai Tikka Biryani,8539
1811,Paneer Manchurian,5551
1812,Paneer Manchurian Biryani,8533
1813,Paneer Masala,4631
1814,Paneer Masala Dosa,6126
1815,Paneer Momo,5552
1816,Paneer Onion Dosa,6152
1817,Paneer Pakoda,8549
1818,Paneer Pakoda Biryani,8536
1819,Paneer Paratha,4571 - 6607
1820,Paneer Pasta,6950
1821,Paneer Pepper Dry,5554
1822,Paneer Pizza,3658
1823,Paneer Popcorn,8552
1824,Paneer Puff,4766
1825,Paneer Pulao,5555 - 6195
1826,Paneer Pyaz Paratha,6754
1827,Paneer Rice Bowl,6659
1828,Paneer Roasted Pulao,3225
1829,Paneer Roll,6784 - 4403
1830,Paneer Salad,5099
1831,Paneer Sandwich,4760
1832,Paneer Satay,4574
1833,Paneer Schezwan Fried Rice,5556
1834,Paneer Shaslik,3689
1835,Paneer Shawarma,5776
1836,Paneer Stuffed Cheela,5557
1837,Paneer Tikka,6744 - 3712 - 6512
1838,Paneer Tikka Biryani,6143 - 8537
1839,Paneer Tikka Cheese Sandwich,4687
1840,Paneer Tikka Croissant,
1841,Paneer Tikka Masala,-1
1842,Paneer Tikka Mini Roll,8833
1843,Paneer Tikka Momo,4375
1844,Paneer Tikka Sandwich,4686 - 9036
1845,Paneer Wrap,3664
1846,Panipuri,3578 - 6408
1847,Paniyaram,4758
1848,Papad,6572 - 6568 - 6570
1849,Papad Poriyal,6573
1850,Papaya,1171
1851,Papaya Milkshake,3268
1852,Papdi Chaat,3583 - 6419
1853,Papdi Sandwich,6418
1854,Papdi Sandwich Cheese,6420
1855,Paper Dosa,4742
1856,Paper Masala Dosa,10416
1857,Papri Chaat,6980
1858,Parappu Adai,6630
1859,Paratha,749 - 748 - 6374 - 6378 - 823
1860,Paratha Bhaji,3355
1861,Parippu Payasam,7209
1862,Parippu Pradhaman,9496
1863,Parippu Vada,4202
1864,Parotta,5924 - 6610 - 6611 - 4457 - 6753 - 6755 - 6715 - 6717 - 6647 - 6649 - 6648
1865,Parsley,7636
1866,Paruppu Podi,6392
1867,Paruppu Vadai,6833
1868,Passion Fruit Mojito,7632
1869,Pasta,6902 - 6896
1870,Pasta Salad,9780 - 9778 - 9788
1871,Pathiri,4209
1872,Patishapta,10535 - 10529
1873,Patti Samosa,3579
1874,Paturi Thali,7495
1875,Pav,6269
1876,Pav Bhaji,3356 - 3616
1877,Payasam,4664
1878,Pazham Nirachathu,4204
1879,Pazham Pori,6370
1880,Pazham Puzhungiyathu,4243
1881,Peach Ice Tea,4320
1882,Peanut Butter Grilled Sandwich,6931
1883,Peanut Butter Milk Shake,7640
1884,Peanut Chat,7282
1885,Peanut Masala,6919
1886,Peanut Rice,3194
1887,Peanuts,6407 - 9410
1888,Peas Masala Dosa,6554
1889,Peas Pulao,3222
1890,Peas Samosa,5558
1891,Peethiwali Desi Ghee Aloo Tikki,5870
1892,Penne Alfredo Chicken,5773
1893,Penne Alfredo Veg,5774
1894,Pepper Chicken,5922 - 938
1895,Pepper Chicken Biryani,8532
1896,Pepper Chicken Curry,6515
1897,Pepper Chicken Dry,6516
1898,Pepper Chicken Shawarma Plate,7365
1899,Pepper Egg Masala,8068
1900,Pepper Salad,9774 - 9790 - 9771 - 9770
1901,Pepperoni Pizza,4602
1902,Peri Peri French Fries,6050
1903,Peri Peri Fries,4398
1904,Peri Peri Paneer,4342
1905,Peri Peri Potato Salad,3542
1906,Pesarattu,5907
1907,Pesarattu Dosa,6627
1908,Philly Steak Chicken Sandwich,4693
1909,Phirni,10403
1910,Phulka,6208 - 7062
1911,Pickle,3190
1912,Pineapple,10175
1913,Pineapple Dosa,7215
1914,Pineapple Ice-Cream Shake,8959
1915,Pineapple Juice,3301
1916,Pineapple Lassi,4391
1917,Pineapple Pastry,3395
1918,Pineapple Salad,5098
1919,Pineapple Shake,8958
1920,Pineapple Sheera,3374
1921,Pineapple Upside-Down Cake,7216
1922,Pink Perch Fish Fry,8752
1923,Pista Badam Smoothie,8876
1924,Pista Milkshake,3280
1925,Pista Pastry,5839
1926,Pizza,9011 - 6870
1927,Pizza Appe,9931
1928,Plain Biryani,4558
1929,Plain Bun,6884
1930,Plain Croissant,4911
1931,Plain Dosa,4607 - 470 - 6188
1932,Plain French Fries,7042
1933,Plain Fruit Sandwich,6933
1934,Plain Naan,6509 - 6600
1935,Plain Omelette,4752 - 4751
1936,Plain Paratha,10312 - 4927 - 10316
1937,Plain Pesarettu,9913
1938,Plain Rava Dosa,6563
1939,Plain Rice,5974
1940,Plain Roti,6511 - 6602
1941,Plain Uthappam,6557
1942,Podi Dosa,735 - 4736
1943,Podi Idli,4325 - 6625
1944,Podi Kal Dosa,4967
1945,Podi Masala,7198
1946,Podi Masala Dosa,6176
1947,Podi Onion Rava,8040
1948,Podi Onion Uthappam,8042
1949,Podi Uthappam,6559
1950,Poha,83 - 3336 - 772
1951,Pomegranate Milkshake,3274
1952,Pomfret Fish Fry,8747
1953,Pomfret Macher Thali,7494 - 7494
1954,Pomodoro Basilico Sauce Pasta,10315
1955,Pomodoro Pasta,4596
1956,Pongal,6567 - 726 - 4460
1957,Poondu Kolambu,816
1958,Poondu Ulli Masala,821
1959,Poori,6633 - 5937 - 5938 - 4618 - 860 - 861
1960,Poori Aloo,6726
1961,Poori Bhaji,3354
1962,Poori Chole,3335
1963,Pop Corn,6294
1964,Poriyal,6572 - 6389 - 6568 - 4565 - 6570
1965,Poriyal Papad,6571 - 6569
1966,Poriyal Pickle,6574
1967,Porridge,5948
1968,Potato Bajji,6589
1969,Potato Bhajji,3624
1970,Potato Bonda,6582
1971,Potato Cheese Ball,6740
1972,Potato Cheese Shots,6890
1973,Potato Leek Soup,7220
1974,Potato Pakoras,6740
1975,Potato Puff,3603
1976,Potato Soup,7324
1977,Potato Twister,6876
1978,Potato Wedges,3667
1979,Potli Samosa,3602
1980,Prawn Biryani,3235
1981,Prawn Chilli Garlic Noodles,5559
1982,Prawn Fried Rice,5564
1983,Prawn Fry,6762
1984,Prawn Hakka Noodles,5565
1985,Prawn Masala Dosa,8036
1986,Prawn Podimas,8071
1987,Prawn Schezwan Fried Rice,5566
1988,Prawn Schezwan Noodles,5567
1989,Prawn Singapore Noodles,5568
1990,Prawn Thokku,8067
1991,Prawn Thokku Meals,6699
1992,Prawns Biriyani,4636
1993,Prawns Curry,3440
1994,Prawns Fry,3438
1995,Prawns Tandoori,3439
1996,Protein Shake,8211
1997,Pudding Cake,4158
1998,Pudhina Rice,6569
1999,Pudina Rice,5977 - 905
2000,Pulao,3229
2001,Puliyogare,3198
2002,Pull Apart Bread,8837
2003,Punjabi Food Festival,5927
2004,Punjabi Samosa,3604
2005,Puttu,6960 - 8034 - 4616 - 776
2006,Qubani Ka Meetha,5910
2007,Quiche,8578 - 10004
2008,Raagi Aadai,6629
2009,Raagi Dosa,5933
2010,Raagi Koozhu,5940
2011,Raagi Puttu,5942
2012,Raagi Semiya,5941
2013,Rabdi,3367 - 3375
2014,Rabri Falooda,6849
2015,Ragda Pattice,3718
2016,Raggi Dosa,6148
2017,Ragi,9993
2018,Ragi Dosa,6564 - 6190
2019,Ragi Ganji,8062
2020,Ragi Idiyappam,7223
2021,Ragi Idli,7225
2022,Ragi Masala Dosa,6184
2023,Ragi Mudde,4424
2024,Ragi Porridge,10251
2025,Ragi Roti,7226
2026,Ragi Set Dosa,6191
2027,Rainbow Velvet Waffles,5995
2028,Raita,3329
2029,Raitha,6094 - 6576 - 746 - 6575
2030,Raj Bhog,3376
2031,Raj Kachori Chaat,3570
2032,Rajma Masala,6522
2033,Rasam,8196
2034,Rasam Bonda,7228
2035,Rasam Rice,3212 - 6714
2036,Rasgulla,3378 - 6781
2037,Rasmalai,3377
2038,Rasmalai (Eggless),10224
2039,Raspberry Lassi,6945
2040,Ratatouille,7230
2041,Rava Dosa,5931 - 8038
2042,Rava Idli,769
2043,Rava Kitchadi,6706 - 6552
2044,Rava Masala Dosa,6179
2045,Rava Vada,10252
2046,Raw Banana Bhajji,3617
2047,Raw Mango Seer Curry,6698
2048,Rawthar Chicken Biryani,6080
2049,Red Rice,6550
2050,Red Velvet Cake,3400
2051,Red Velvet Cream Cheese,9360
2052,Red Velvet Cupcake,5574 - 10082
2053,Red Velvet Waffles,5994
2054,Regular Rice Bowl,9970
2055,Reshmi Kebab,5575
2056,Ribbon Fish Fry,8756
2057,Ribbon Pakoda,6204
2058,Rice,4433 - 7116 - 6394 - 6373 - 3213 - 6395 - 6377 - 8055 - 8915 - 7194 - 6397 - 6375 - 866
2059,Rice Bath,7438
2060,Rice Bowl,5888 - 5887 - 5900 - 5899
2061,Rice Kheer,3387
2062,Ridge Gourd Bajji,10255
2063,Roasted Chicken,7234
2064,Romali Roti,5576
2065,Rooh Afza Shake,3260
2066,Rose Lassi,5929
2067,Rose Milk,3251
2068,Rose Milkshake,3254
2069,Rosogolla,5784
2070,Roti,6718 - 6394 - 6395 - 6397 - 6321
2071,Royal Falooda,6831
2072,Russian Medovik Pastry,10000
2073,Sabudana Dosa,7238
2074,Sabudana Kheer,10402
2075,Sabudana Khichdi,3717
2076,Sabudana Upma,5971
2077,Sabudana Vada,7239
2078,Saffron Almond Latte,9908
2079,Saffron Pulao,3226
2080,Sagu,4618
2081,Salan,8945
2082,Salem RR Plain Biryani,4725
2083,Salem Thattu Vadai,6296
2084,Salsa,9979
2085,Salt Fries,4592
2086,Salt Lassi,6838
2087,Salt Pepper Mushroom,6448
2088,Salted Caramel Pie,4906
2089,Samba Rava Kitchadi,5935
2090,Sambar,3330 - 6551 - 8915 - 3654 - 6106
2091,Sambar Rice,3200 - 4363 - 6568 - 4698 - 755 - 739
2092,Sambar Sadam,7240 - 4565
2093,Sambar Vada,4334 - 783
2094,Sambhar,10319 - 10318
2095,Samosa,3562 - 3587 - 6421 - 4452 - 955 - 6595
2096,Samosa Chaat,4419 - 6597
2097,Samosa Pav,5578
2098,Sandwich,6870
2099,Sanna,7241
2100,Sardine Fish Fry,8751
2101,Sarkarai Pongal,6105
2102,Sattu Paratha,7242
2103,Sauce,751 - 753
2104,Savala Vada,6785
2105,Schezwan Chicken,5304
2106,Schezwan Chicken Dry,5579
2107,Schezwan Chicken Momo,5293
2108,Schezwan Chicken Noodles,5898
2109,Schezwan Chicken Sandwich,7008
2110,Schezwan Fried Rice,6401
2111,Schezwan Mixed Veg Noodles,10301
2112,Schezwan Mixed Veg Rice,10302
2113,Schezwan Mushroom Noodles,10300
2114,Schezwan Veg Noodles,5897
2115,Schwezan Chicken,6482
2116,Scrambled Egg,3431 - 3433
2117,Seafood Biriyani,6127
2118,Seasonal Fruit,5006
2119,Seeragasambha Mutton Biriyani,6358
2120,Semiya Kheer,3379
2121,Semiya Khichadi,774
2122,Semiya Khichdi,5934 - 6106
2123,Semiya Kichadi,765
2124,Semiya Upma,3337
2125,Sesame Chilly Chicken,6462
2126,Set Dosa,6168 - 6832 - 6189 - 7263 - 4696 - 4555 - 727
2127,Sev Puri,3580
2128,Shahi Paneer,6084
2129,Shahi Tukda,7244
2130,Shakkar Pare,10258
2131,Shanghai Chicken,6478
2132,Shanghai Rice,6489
2133,Shanghai Veg,6452
2134,Shavige Bath,7437
2135,Shawarma,6547
2136,Sheer Khurma,7245
2137,Sheera,3380
2138,Sheermal,5689
2139,Shenga Holige,7246
2140,Shepherd's Pie,9075
2141,Shezwan Cheese Dosa,6159
2142,Shezwan Dosa,6155
2143,Shezwan Masala Dosa,6156
2144,Shezwan Paneer Dosa,6158
2145,Shikanji,3316 - 9799
2146,Shor Bhaja,5780
2147,Shredded Chicken Chilly,6465
2148,Shrikhand,3381
2149,Side Dish,716 - 717
2150,Signature Donuts,5844
2151,Signature Plum Cake,10084
2152,Silky Truffle,9985
2153,Singapore Noodles,6496
2154,Sizzler,6895
2155,Sizzling Brownie Volcano,4409
2156,Smiley,5663
2157,Smoked Chicken Sausage Pizza,5896
2158,Smoky Bbq Maggi,5854
2159,Smoothie,6751
2160,Snachos,7248
2161,Snack Box,4127
2162,Snacks,6271
2163,Snicker Waffle,5999
2164,Snickers Waffles,4366
2165,Soda Rasam,8064
2166,Softee,9401 - 9403
2167,Solkadhi,3317
2168,Soppu Bonda,7249
2169,Sorshe Ilish,6120
2170,Sorshe Ilish Platter,6116
2171,Sour Cream,4585
2172,South Indian Chicken Gravy,3487
2173,South Indian Chicken Thali,3462
2174,South Indian Fish Thali,3466
2175,Soya Bean Pakoda,10259
2176,Soya Biryani,7252
2177,Soya Chaap Biryani,5691
2178,Soya Curry,7415
2179,Soya Dosa,7253
2180,Soya Pulao,3228
2181,Soya Tikka Grilled Roll,6973
2182,Spanish Omelette,4767
2183,Special Exotic Strawberry Doughnut,5012
2184,Special Laddu,4237
2185,Spice Brownie,10086
2186,Spicy Fried Chicken,5301
2187,Spicy Mayo Corn Sandwich,4401
2188,Spicy Mexican Roll,4340
2189,Spicy Minced Chicken Burger,7466
2190,Spinach Corn Rice,7254
2191,Spinach Idli,10305
2192,Spinach Lavash,8839
2193,Spinach Soup,7325
2194,Sponge Fruit Cake,10265
2195,Spring Onion,5416
2196,Spring Onion Dosa,6173
2197,Spring Onion Uttappam,7255
2198,Spring Rolls,6650
2199,Sprout Bhel,3581
2200,Sprout Dosa,7256
2201,Sprout Uttappam,7257
2202,Sprouts Idly,7258
2203,Sprouts Poha,10261
2204,Sprouts Salad,3545
2205,Squid Biryani,6129
2206,Squid Roast,6055
2207,Srilankan Sambal,5959
2208,Steam Rice,786
2209,Steamed Corn,6352
2210,Steamed Corn Chat,1001
2211,Steamed Peanuts,6351
2212,Steamed Rice,10311 - 3237 - 789 - 4415 - 4678 - 4676 - 4677
2213,Steamed Sprouts,1003
2214,Stew,5944
2215,Straffued Kala Jamun,9956
2216,Strawberry,6748
2217,Strawberry Avocado Milkshake,6929
2218,Strawberry Chocolate Shake,3282
2219,Strawberry Cupcake,5594
2220,Strawberry Danish,10222
2221,Strawberry Doughnut,5593
2222,Strawberry Fruit,3764
2223,Strawberry Lassi,4392
2224,Strawberry Lemonade,4991
2225,Strawberry Milkshake,3257
2226,Strawberry Mojito,7629
2227,Strawberry Muffin,5595
2228,Strawberry Pastry,3398
2229,Strawberry Sauce,9407
2230,Strawberry Smoothie,6819
2231,Strawberry Softy,8187
2232,Strawberry Tres Leches Jar,10225
2233,Stuffed Chicken Tandoori Kulcha,3454
2234,Stuffed Chicken Tandoori Paratha,3448
2235,Stuffed Chicken Tawa Paratha,3452
2236,Stuffed Chilli Bajji,6309
2237,Stuffed Dates,4133
2238,Stuffed Dosa,7260
2239,Stuffed Mirchi Vada,3615
2240,Stuffed Paratha,3338
2241,Stuffed Veg Tandoori Kulcha,3457
2242,Stuffed Veg Tandoori Paratha,3450
2243,Stuffed Veg Tawa Paratha,3451
2244,Sugar Doughnut,3406
2245,Sugar Dust Doughnut,8843
2246,Sukha Bhel,3582
2247,Sukha Puri,3591
2248,Sukiyan,4210
2249,Sukku Coffee,4730
2250,Sundae,8205
2251,Sundal,5657
2252,Sweet Beeda,6298
2253,Sweet Boondi,7046
2254,Sweet Bun,6270
2255,Sweet Corn,4763
2256,Sweet Corn Cheese Sandwich,5596
2257,Sweet Corn Chicken Soup,5286
2258,Sweet Corn Sandwich,6746
2259,Sweet Corn Soup,6497
2260,Sweet Corn Vegetable Soup,5284
2261,Sweet Lassi,4389
2262,Sweet Parotta,4253
2263,Sweet Poli,7562
2264,Sweet Potato,9774 - 9790 - 9771 - 9770
2265,Sweet Puff,5653
2266,Sweet Roll,7561
2267,Sweet Rose Lassi,5894
2268,Sweetcorn Soup,3518
2269,Swiss Roll,5028 - 883
2270,Szechwan Chicken Rice,6488
2271,Szechwan Noodles,6491 - 6493
2272,Szechwan Rice,928 - 927
2273,Tamarind Rice,906
2274,Tamrind Rice,6103
2275,Tandoor Roti,6537
2276,Tandoori Cheese Pasta,4406
2277,Tandoori Chicken,5597 - 6505
2278,Tandoori Chicken Tikka Kebab,5030
2279,Tandoori Chicken Tikka Salad,3552
2280,Tandoori Kulcha,6733 - 3456
2281,Tandoori Mayo Veg Sandwich,5598
2282,Tandoori Naan,3455
2283,Tandoori Paneer Pizza,4403
2284,Tandoori Paneer Tikka Kebab,5029
2285,Tandoori Paratha,3449 - 6506
2286,Tandoori Roti,3459
2287,Tandoori Sandwich,4326
2288,Tandoori Tofu Salad,3533
2289,Tart,8579
2290,Tawa Beef Roast,6289
2291,Tawa Bonda,8846
2292,Tawa Naan,10321
2293,Tawa Paneer Bonda,8847
2294,Tawa Paratha,3453
2295,Tawa Pulao,3227
2296,Tawa Roti,3458
2297,Tea,3444 - 6271 - 7262
2298,Tea Cake,3423
2299,Tender Coconut Milk Shake,4435
2300,Thai Chilli Mushroom,5295
2301,Thai Chilli Paneer,5296
2302,Thai Green Curry Noodles,4579 - 4582
2303,Thai Veg Puff,9999
2304,Thalasseri Kalyana Biryani,6133
2305,Thalassery Chicken Dum Biryani,6282
2306,Thandai,3277
2307,Thatte Idli,5612
2308,Thattu Dosa,6834
2309,Thawa Fried Chicken,5302
2310,Thayir Vada,784
2311,Thengai Vellam Kozhukattai,6990
2312,Thilopi Fry,6058
2313,Three Bean Stew,3686
2314,Tiramisu Cup,4329
2315,Tiramisu Shot,10005
2316,Tiranga Dahi Papdi Chaat,3571
2317,Tofu Shaslik,3690
2318,Tomato Cheese Pasta,4598
2319,Tomato Cheese Sandwich,5613
2320,Tomato Chicken Curry,6075
2321,Tomato Cucumber Lettuce Sandwich,7264
2322,Tomato Curry,8566
2323,Tomato Dum Rice,767
2324,Tomato Juice,3307
2325,Tomato Rice,3201 - 4364 - 6570 - 901
2326,Tomato Sadam,7261
2327,Tomato Sauce,3679 - 3675
2328,Tomato Sauce Pasta,7123
2329,Tomato Sevai,773
2330,Tomato Shorba,3514
2331,Tomato Soup,7265
2332,Tomato Utthappam,6170
2333,Tossed Salad,9786 - 3547
2334,Tossed Salad Chicken,9775
2335,Town Bus,866
2336,Tres Cheese Fries,4593
2337,Tres Leches,9988 - 9987
2338,Triple Chocolate Waffle,6003
2339,Triple Pepper Noodles,10310
2340,Trivandrum Chicken Fry,6288
2341,Tropical Veg Sandwich,10003
2342,Tulsi Tea,7266
2343,Tuna,9792 - 9787 - 9789 - 9785 - 9788 - 9790 - 9786
2344,Tuna Fish Fry,8748
2345,Turkish Kebab Roll,6543
2346,Turmeric Milk,3250
2347,Tuvar Thota,10313
2348,Tuver Dal,10316
2349,Twister Danish,7003
2350,Uggani,5972 - 7267 - 7268
2351,Ulavacharu Chicken Biryani,5726
2352,Ulli Karam Masala Dosa,5908
2353,Ulli Vada,4203
2354,Ulundhu Poornam Kozhukattai,6991
2355,Undampori,4200
2356,Unnakai,4216
2357,Unni Appam,4248
2358,Upma,7150 - 3715 - 770
2359,Uppu Kadalai,4765
2360,Uppu Kara Manga,6307
2361,Usal Pav,3333
2362,Uthappam,733 - 7513
2363,Uttapam,3652
2364,Uzhunnu Vada,4212
2365,Vada,724 - 6566 - 6567 - 4353 - 775
2366,Vada Curry,6561 - 6562 - 4554 - 4555 - 727
2367,Vada Pav,3605
2368,Vada Usal,3614
2369,Vadakari,4481
2370,Vangi Bath,3232
2371,Vanilla,9401 - 6781
2372,Vanilla Blueberry Cupcake With Frosting,10083
2373,Vanilla Cake,3419
2374,Vanilla Choco Chip Doughnut,4864
2375,Vanilla Cream,883
2376,Vanilla Cupcake,5614
2377,Vanilla Frappe,6272
2378,Vanilla Milkshake,4400 - 6816
2379,Vanilla Pastry,5838
2380,Vanilla Shake,3269
2381,Vanilla Softy,8189
2382,Vanjaram Fish Fry,6771
2383,Variety Rice,6103 - 739 - 738
2384,Vazhai Illai Fish,8069
2385,Vazhaipoo Vadai,4131
2386,Vazhapoo Vada,6590
2387,Vazhuthana Bhaji,4246
2388,Veeshappam,7416
2389,Veg Ball Manchurian,5886
2390,Veg Balls In Hot Garlic Sauce,6472
2391,Veg Bao,7757
2392,Veg Bhuna Masala,5892
2393,Veg Biryani,701 - 6520 - 746 - 741 - 6097
2394,Veg Burger,3596 - 5884
2395,Veg Calzone,8576
2396,Veg Cheese Balls,4130
2397,Veg Cheese Sandwich,4195
2398,Veg Chettinad Biryani,6273
2399,Veg Chilli Garlic Noodles,5307
2400,Veg Chopsuey,6911
2401,Veg Club Cheese Sandwich,4768
2402,Veg Club Sandwich,4144
2403,Veg Coleslaw Cheese Sandwich,5616
2404,Veg Coleslaw Sandwich,5617
2405,Veg Croissant,3706
2406,Veg Curry,4613 - 7341 - 4695
2407,Veg Cutlet,832 - 4315
2408,Veg Delight Wrap,4406
2409,Veg Dum Biryani,761 - 5619
2410,Veg Fingers,4400
2411,Veg Fried Momo,5289
2412,Veg Fried Rice,4701 - 3498 - 6432 - 750 - 6402
2413,Veg Gravy,7263
2414,Veg Grilled Cheese Sandwich,4680
2415,Veg Grilled Sandwich,4679
2416,Veg Hakka Noodle,4559
2417,Veg Hot Dog,3659
2418,Veg Hunan,10310
2419,Veg Idli,7204
2420,Veg Jaipuri,6069
2421,Veg Jungli Sandwich,8832
2422,Veg Kathi Roll,6275
2423,Veg Khau Suey,10263
2424,Veg Kolahpuri,6067
2425,Veg Kolhapuri Puff,8819
2426,Veg Korma,5620
2427,Veg Kothu Parotta,5979
2428,Veg Kurma,4702 - 4627
2429,Veg Machurian Dosa,6157
2430,Veg Maggi,3360
2431,Veg Manchow Fried Rice,5308
2432,Veg Manchuria Biryani,6098
2433,Veg Manchurian,6468 - 1006 - 6455
2434,Veg Manchurian Biryani,5007
2435,Veg Masala Dosa,3719
2436,Veg Momo,3502 - 5287 - 6896 - 5288
2437,Veg Momo Burger,6894
2438,Veg Momo Platter,6898
2439,Veg Momos,8944
2440,Veg Nanking Noodles,935
2441,Veg Noodle Soup,7271
2442,Veg Noodles,3495
2443,Veg Nuggets,5662
2444,Veg Omelette,4753
2445,Veg Pakora,4436
2446,Veg Pasta,1013 - 7211 - 3674 - 3676 - 3675
2447,Veg Pasta With White Sauce,3673
2448,Veg Patties,6782
2449,Veg Pink Sauce Pasta,7761
2450,Veg Pizza,6276
2451,Veg Puff,4191
2452,Veg Pulao,4347 - 4637 - 4638 - 1681 - 785
2453,Veg Pulav,6014 - 6575
2454,Veg Roll,4234
2455,Veg Romesco Pasta,7272
2456,Veg Samosa,4230
2457,Veg Sandwich,4405 - 3593 - 4473 - 4472
2458,Veg Schezwan Fried Rice,5306
2459,Veg Schezwan Momo,5290
2460,Veg Schezwan Noodles,5624
2461,Veg Seekh Kabab Grilled Roll,6974
2462,Veg Seekh Salad,3544
2463,Veg Shashlik,3688
2464,Veg Singapore Noodles,5625
2465,Veg Spring Roll,4085
2466,Veg Starter,6402
2467,Veg Stew,6368 - 7101 - 6290
2468,Veg Sub,8213
2469,Veg Szechwan Rice,6578
2470,Veg Tacos,7273
2471,Veg Thali,977
2472,Veg Wrap,3663
2473,Vegetable Balls,5627
2474,Vegetable Bhat,5968
2475,Vegetable Biryani,3192
2476,Vegetable Calzone,9961
2477,Vegetable Fried Kebab,3650
2478,Vegetable Hot And Sour Soup,3519
2479,Vegetable Idli,7492
2480,Vegetable Juice,3291
2481,Vegetable Lasagne,3694
2482,Vegetable Manchow Soup,3520
2483,Vegetable Puff,3709
2484,Vegetable Pulao,3218
2485,Vegetable Quiche Pie,4169
2486,Vegetable Satay,4573
2487,Vegetable Soup,3511 - 7270
2488,Vegetable Tandoori Kebab,3646
2489,Vegetable Tawa Kebab,3643
2490,Vegetable Tikka,3713
2491,Vegetable Upma,52
2492,Vegetable Utthappam,6185
2493,Vegetables,4582
2494,Vegetables In Hunan Sauce,5629
2495,Vegetables In Schezwan Sauce,5630
2496,Veggi Manchow,293
2497,Veggi Roll,6976
2498,Veggie Appe,9931 - 9915 - 9922
2499,Veggie Burnt Garlic Fried Rice,5305
2500,Velarikai,6313
2501,Vendhaya Dosai,4481
2502,Verkadalai,5656
2503,Very Veggie Semizza,5878
2504,Vietnamese Rice Roll,6025
2505,Virgin Mojito,4401 - 6887
2506,Virgin Pina Colada,7274
2507,Wada,3332 - 10319
2508,Waffle,8568
2509,Waffle Cone,9401 - 9403
2510,Waffles,3672
2511,Watermelon Ice Cream,7275
2512,Watermelon Juice,3285
2513,Watermelon Mojito,6888
2514,Western Egg,1017
2515,Wheat Dosa,4482
2516,Wheat Idiyappam,7276
2517,Wheat Paratha,4640 - 6193 - 6192 - 6194
2518,Wheat Poha,7277
2519,Wheat Pongal,7278
2520,Wheat Upma,7279
2521,White Chocolate,883 - 5989
2522,White Fantasy Waffles,5993
2523,White Forest Cake,5631
2524,White Forest Pastry,5632
2525,White Rice,6393
2526,Wok Works,5770
2527,Yakhni Pulao,7280
2528,Yellow Dal,6613
2529,Yellow Peas Masala,4783
2530,Yezhaneer Paiyasam,8059
2531,Yogurt,4572
2532,Zinger Burger,6545
2533,Zinger Paneer Burger,4398
2534,Zucchini,5772